-- MySQL dump 10.13  Distrib 8.0.26, for Win64 (x86_64)
--
-- Host: 127.0.0.1    Database: javaweb16_import
-- ------------------------------------------------------
-- Server version	8.0.26

/*!40101 SET @OLD_CHARACTER_SET_CLIENT=@@CHARACTER_SET_CLIENT */;
/*!40101 SET @OLD_CHARACTER_SET_RESULTS=@@CHARACTER_SET_RESULTS */;
/*!40101 SET @OLD_COLLATION_CONNECTION=@@COLLATION_CONNECTION */;
/*!50503 SET NAMES utf8 */;
/*!40103 SET @OLD_TIME_ZONE=@@TIME_ZONE */;
/*!40103 SET TIME_ZONE='+00:00' */;
/*!40014 SET @OLD_UNIQUE_CHECKS=@@UNIQUE_CHECKS, UNIQUE_CHECKS=0 */;
/*!40014 SET @OLD_FOREIGN_KEY_CHECKS=@@FOREIGN_KEY_CHECKS, FOREIGN_KEY_CHECKS=0 */;
/*!40101 SET @OLD_SQL_MODE=@@SQL_MODE, SQL_MODE='NO_AUTO_VALUE_ON_ZERO' */;
/*!40111 SET @OLD_SQL_NOTES=@@SQL_NOTES, SQL_NOTES=0 */;

--
-- Table structure for table `tbl_category`
--

DROP TABLE IF EXISTS `tbl_category`;
/*!40101 SET @saved_cs_client     = @@character_set_client */;
/*!50503 SET character_set_client = utf8mb4 */;
CREATE TABLE `tbl_category` (
  `id` int NOT NULL AUTO_INCREMENT,
  `name` varchar(100) CHARACTER SET utf8 COLLATE utf8_general_ci NOT NULL,
  `description` varchar(100) CHARACTER SET utf8mb4 COLLATE utf8mb4_bin NOT NULL,
  `created_date` datetime DEFAULT NULL,
  `updated_date` datetime DEFAULT NULL,
  `created_by` int DEFAULT NULL,
  `updated_by` int DEFAULT NULL,
  `parent_id` int DEFAULT NULL,
  `status` tinyint(1) DEFAULT '1',
  `seo` varchar(1000) CHARACTER SET utf8mb4 COLLATE utf8mb4_bin DEFAULT NULL,
  PRIMARY KEY (`id`),
  KEY `fk_internal_idx` (`parent_id`),
  CONSTRAINT `fk_self_joing` FOREIGN KEY (`parent_id`) REFERENCES `tbl_category` (`id`)
) ENGINE=InnoDB AUTO_INCREMENT=42 DEFAULT CHARSET=utf8mb4 COLLATE=utf8mb4_bin COMMENT='Bảng dữ liệu chứa danh mục sản phẩm';
/*!40101 SET character_set_client = @saved_cs_client */;

--
-- Dumping data for table `tbl_category`
--

LOCK TABLES `tbl_category` WRITE;
/*!40000 ALTER TABLE `tbl_category` DISABLE KEYS */;
INSERT INTO `tbl_category` VALUES (37,'Bánh Kẹo','Bánh Kẹo','2021-12-09 23:31:32',NULL,NULL,NULL,NULL,1,'python'),(38,'Sách','Sách','2021-12-14 09:48:57',NULL,NULL,NULL,NULL,1,NULL),(39,'Điện Lạnh','Điện Lạnh','2021-12-14 09:49:46',NULL,NULL,NULL,NULL,1,NULL),(40,'Điện tử','Điện tử','2021-12-17 13:45:33',NULL,NULL,NULL,NULL,1,'ien-tu'),(41,'Thực Phẩm','Thực Phẩm','2021-12-21 09:56:54',NULL,NULL,NULL,NULL,1,NULL);
/*!40000 ALTER TABLE `tbl_category` ENABLE KEYS */;
UNLOCK TABLES;

--
-- Table structure for table `tbl_contact`
--

DROP TABLE IF EXISTS `tbl_contact`;
/*!40101 SET @saved_cs_client     = @@character_set_client */;
/*!50503 SET character_set_client = utf8mb4 */;
CREATE TABLE `tbl_contact` (
  `id` int NOT NULL AUTO_INCREMENT,
  `name` varchar(45) CHARACTER SET utf8mb4 COLLATE utf8mb4_bin NOT NULL,
  `email` varchar(45) CHARACTER SET utf8mb4 COLLATE utf8mb4_bin NOT NULL,
  `request_type` varchar(45) CHARACTER SET utf8mb4 COLLATE utf8mb4_bin DEFAULT NULL,
  `message` varchar(1000) CHARACTER SET utf8mb4 COLLATE utf8mb4_bin NOT NULL,
  `created_date` datetime DEFAULT NULL,
  `updated_date` datetime DEFAULT NULL,
  `created_by` int DEFAULT NULL,
  `updated_by` int DEFAULT NULL,
  `status` tinyint(1) DEFAULT '1',
  PRIMARY KEY (`id`)
) ENGINE=InnoDB AUTO_INCREMENT=10 DEFAULT CHARSET=utf8mb4 COLLATE=utf8mb4_bin COMMENT='Bảng dữ liệu chứa thông tin liên hệ';
/*!40101 SET character_set_client = @saved_cs_client */;

--
-- Dumping data for table `tbl_contact`
--

LOCK TABLES `tbl_contact` WRITE;
/*!40000 ALTER TABLE `tbl_contact` DISABLE KEYS */;
INSERT INTO `tbl_contact` VALUES (5,'Nhóm 10.Long Phạm Hoàng','hoanglongcf34no1@gmail.com',NULL,'hello','2021-12-10 16:53:08',NULL,NULL,NULL,1),(6,'Nguyễn Thị Linh','phamlonga01km2@gmail.com',NULL,'Hello','2021-12-19 08:32:15',NULL,NULL,NULL,1),(7,'Long Hoàng','phamlonga01km2@gmail.com',NULL,'Nice xu`','2021-12-25 07:12:16',NULL,NULL,NULL,1),(8,'Long Hoàng Phạm','phamlonga01km2@gmail.com',NULL,'hillo','2022-01-11 17:51:11',NULL,NULL,NULL,1),(9,'Long Hoàng','phamlonga01km2@gmail.com',NULL,'hello','2022-01-11 19:53:56',NULL,NULL,NULL,1);
/*!40000 ALTER TABLE `tbl_contact` ENABLE KEYS */;
UNLOCK TABLES;

--
-- Table structure for table `tbl_products`
--

DROP TABLE IF EXISTS `tbl_products`;
/*!40101 SET @saved_cs_client     = @@character_set_client */;
/*!50503 SET character_set_client = utf8mb4 */;
CREATE TABLE `tbl_products` (
  `id` int NOT NULL AUTO_INCREMENT,
  `title` varchar(1000) CHARACTER SET utf8 COLLATE utf8_general_ci NOT NULL,
  `price` decimal(13,2) NOT NULL,
  `price_sale` decimal(13,2) DEFAULT NULL,
  `short_description` varchar(3000) CHARACTER SET utf8 COLLATE utf8_general_ci NOT NULL,
  `detail_description` longtext CHARACTER SET utf8mb4 COLLATE utf8mb4_bin NOT NULL,
  `avatar` varchar(200) CHARACTER SET utf8mb4 COLLATE utf8mb4_bin DEFAULT NULL,
  `category_id` int DEFAULT NULL,
  `created_date` datetime DEFAULT NULL,
  `updated_date` datetime DEFAULT NULL,
  `created_by` int DEFAULT NULL,
  `updated_by` int DEFAULT NULL,
  `status` tinyint(1) DEFAULT '1',
  `seo` varchar(1000) CHARACTER SET utf8mb4 COLLATE utf8mb4_bin DEFAULT NULL,
  `is_hot` tinyint(1) DEFAULT '0',
  PRIMARY KEY (`id`),
  KEY `fk_category_products_idx` (`category_id`),
  CONSTRAINT `fk_category_products` FOREIGN KEY (`category_id`) REFERENCES `tbl_category` (`id`) ON DELETE RESTRICT
) ENGINE=InnoDB AUTO_INCREMENT=185 DEFAULT CHARSET=utf8mb4 COLLATE=utf8mb4_bin COMMENT='Bảng dữ liệu chứa danh mục sản phẩm';
/*!40101 SET character_set_client = @saved_cs_client */;

--
-- Dumping data for table `tbl_products`
--

LOCK TABLES `tbl_products` WRITE;
/*!40000 ALTER TABLE `tbl_products` DISABLE KEYS */;
INSERT INTO `tbl_products` VALUES (101,'[CHÍNH HÃNG] KINH ĐÔ BÁNH TRUNG THU BÁNH DẺO 1 Trứng/ 0 Trứng 180g',55000.00,57000.00,'[CHÍNH HÃNG] KINH ĐÔ BÁNH TRUNG THU BÁNH DẺO 1 Trứng/ 0 Trứng 180g','<div class=\"_3wdEZ5\" style=\"background: rgb(255, 255, 255); padding: 25px; font-family: system-ui, -apple-system, &quot;Segoe UI&quot;, Roboto, &quot;Helvetica Neue&quot;, Arial, &quot;Noto Sans&quot;, &quot;Liberation Sans&quot;, sans-serif, &quot;Apple Color Emoji&quot;, &quot;Segoe UI Emoji&quot;, &quot;Segoe UI Symbol&quot;, &quot;Noto Color Emoji&quot;;\"><div class=\"_2pGc2E\" style=\"background: rgba(0, 0, 0, 0.02); color: rgba(0, 0, 0, 0.87); font-size: 1.125rem; padding: 0.875rem; text-transform: capitalize;\">CHI TIẾT SẢN PHẨM</div><div class=\"_1afiLm\" style=\"margin: 1.875rem 0.9375rem 0.9375rem;\"><div class=\"aPKXeO\" style=\"display: flex;\"><label class=\"SFJkS3\" style=\"color: rgba(0, 0, 0, 0.4); font-size: 0.875rem; width: 6.25rem; margin-right: 2.5rem;\">Danh Mục</label><nav aria-label=\"breadcrumb\" style=\"--bs-breadcrumb-divider: &quot;>&quot;;\"><ol class=\"breadcrumb\" style=\"padding: 0px;\"><li class=\"breadcrumb-item\"><a href=\"file:///F:/TI/StudientCode/fullstacks.edu.vn/long/layouts/index.html\" style=\"color: rgb(13, 110, 253);\">Shopee</a></li><li class=\"breadcrumb-item active\" aria-current=\"page\">Thực phẩm và đồ uống</li><li class=\"breadcrumb-item active\" aria-current=\"page\">Các loại bánh</li><li class=\"breadcrumb-item active\" aria-current=\"page\">Khác</li></ol></nav></div><div class=\"aPKXeO\" style=\"display: flex;\"><label class=\"SFJkS3\" style=\"color: rgba(0, 0, 0, 0.4); font-size: 0.875rem; width: 6.25rem; margin-right: 2.5rem;\">Thương hiệu</label><a class=\"_3Qy6bH\" href=\"file:///F:/search?brands=1072175\" style=\"color: rgb(13, 110, 253);\">Kinh Đô</a></div><div class=\"aPKXeO\" style=\"display: flex;\"><label class=\"SFJkS3\" style=\"color: rgba(0, 0, 0, 0.4); font-size: 0.875rem; width: 6.25rem; margin-right: 2.5rem;\">Hạn sử dụng</label><div>01/10/2021</div></div><div class=\"aPKXeO\" style=\"display: flex;\"><label class=\"SFJkS3\" style=\"color: rgba(0, 0, 0, 0.4); font-size: 0.875rem; width: 6.25rem; margin-right: 2.5rem;\">Xuất xứ</label><div>Việt Nam</div></div><div class=\"aPKXeO\" style=\"display: flex;\"><label class=\"SFJkS3\" style=\"color: rgba(0, 0, 0, 0.4); font-size: 0.875rem; width: 6.25rem; margin-right: 2.5rem;\">Loại thực phẩm</label><div>Theo mùa</div></div><div class=\"aPKXeO\" style=\"display: flex;\"><label class=\"SFJkS3\" style=\"color: rgba(0, 0, 0, 0.4); font-size: 0.875rem; width: 6.25rem; margin-right: 2.5rem;\">Kho hàng</label><div>16835</div></div><div class=\"aPKXeO\" style=\"display: flex;\"><label class=\"SFJkS3\" style=\"color: rgba(0, 0, 0, 0.4); font-size: 0.875rem; width: 6.25rem; margin-right: 2.5rem;\">Gửi từ</label><div>Thành Phố Thủ Đức, TP. Hồ Chí Minh</div></div></div></div><div class=\"_3wdEZ5\" style=\"background: rgb(255, 255, 255); padding: 25px; font-family: system-ui, -apple-system, &quot;Segoe UI&quot;, Roboto, &quot;Helvetica Neue&quot;, Arial, &quot;Noto Sans&quot;, &quot;Liberation Sans&quot;, sans-serif, &quot;Apple Color Emoji&quot;, &quot;Segoe UI Emoji&quot;, &quot;Segoe UI Symbol&quot;, &quot;Noto Color Emoji&quot;;\"><div class=\"_2pGc2E\" style=\"background: rgba(0, 0, 0, 0.02); color: rgba(0, 0, 0, 0.87); font-size: 1.125rem; padding: 0.875rem; text-transform: capitalize;\">MÔ TẢ SẢN PHẨM</div><div class=\"_1afiLm\" style=\"margin: 1.875rem 0.9375rem 0.9375rem;\"><div class=\"_3yZnxJ\">Sản phẩm CHÍNH HÃNG của Công Ty Cổ Phần Mondelez Kinh Đô Việt Nam.<br>Hạn Sử Dụng Bánh Nướng: tháng 10/2021 - Sau Trung Thu 1 tuần.<br>Hạn Sử Dụng Bánh Dẻo: 45 ngày kể từ ngày sản xuất.<br>Xuất sứ Việt Nam.<br>---<br>SẢN PHẨM KINH ĐÔ CHÍNH HÃNG BAO GỒM:<br>***4 BÁNH/ 2 BÁNH CÒN NIÊM PHONG BAO BÌ.<br>***1 HỘP SANG TRỌNG.<br>***1 TÚI GIẤY CAO CẤP.<br>*** HÓA ĐƠN VATGTGT (nếu có).<br>---<br>\"Kết hợp khéo léo giữa những nguyên liệu từ lạ đến quen, mỗi chiếc bánh Trung Thu Kinh Đô nướng thơm bùi, bánh dẻo thanh ngọt mang lời nhắn khác nhau nhưng đều được vun vén gởi trao trong chiếc hộp trang trọng, ấm màu trăng đêm Rằm. Kích thước nhỏ hơn nhưng độ kỳ công không đổi, mỗi chiếc bánh Trung Thu Kinh Đô nướng 150g, bánh dẻo 180g là bản giao hưởng hòa điệu giữa các thành phần nguyên liệu. Cắt bánh, quây quần, cùng thưởng thức vị thu mơn man, tiết thu thanh mát.\"<br>-------<br>TỔNG ĐẠI LÝ BÁNH TRUNG THU KINH ĐÔ THỦ ĐỨC<br>☎️ Hotline Sỉ: 0934.9797.45 (Zalo)<br>---<br><br>⭐ PHÍ VẬN CHUYỂN tùy khu vực.<br>⭐ XUẤT HÓA ĐƠN vat cho Công ty.<br>⭐ Kinh Đô có loại HỘP 2 BÁNH &amp; 4 BÁNH: vui lòng chọn mã bánh theo bảng giá niêm yết của Kinh Đô 2021 và được chiết khấu/ giảm giá theo số lượng.<br>Hạn Sử Dụng Bánh Nướng: tháng 10/2021 - Sau Trung Thu 1 tuần.<br>Hạn Sử Dụng Bánh Dẻo: 45 ngày kể từ ngày sản xuất.<br><br>KINH ĐÔ HÂN HẠNH PHỤC VỤ QUÝ KHÁCH<br><br>#banhtrungthu #banhtrungthukinhdo #banhtrungthuchietkhaucao #banhkeo #trunghthu #banhtrungthugiare #quabieu #quatang #banhtrungthugiasi #banhtrungthukinhdo2021 #banhtrungthukinhdochinhhang</div></div></div>','product/avatar/section-recommend-products-wrappe-img-2.jpg',37,NULL,NULL,NULL,NULL,1,'chinh-hang-kinh-o-banh-trung-thu-banh-deo-1-trung-0-trung-180g',0),(102,'Nguyên liệu Chè Dưỡng Nhan 16 vị tự chọn loại thượng hạng 10g - Giá Sỉ',3900.00,1500.00,'Nguyên liệu Chè Dưỡng Nhan 16 vị tự chọn loại thượng hạng 10g - Giá Sỉ','<div class=\"XbKeLg\" style=\"padding: 0.9375rem 0.9375rem 0px; color: rgba(0, 0, 0, 0.8); font-family: &quot;Helvetica Neue&quot;, Helvetica, Arial, 文泉驛正黑, &quot;WenQuanYi Zen Hei&quot;, &quot;Hiragino Sans GB&quot;, &quot;儷黑 Pro&quot;, &quot;LiHei Pro&quot;, &quot;Heiti TC&quot;, 微軟正黑體, &quot;Microsoft JhengHei UI&quot;, &quot;Microsoft JhengHei&quot;, sans-serif; font-size: 14px;\"><div class=\"_1Qm7yD\" style=\"background: rgba(0, 0, 0, 0.02); color: rgba(0, 0, 0, 0.87); font-size: 1.125rem; padding: 0.875rem; text-transform: capitalize;\">CHI TIẾT SẢN PHẨM</div><div class=\"Fo12Im\" style=\"margin: 1.875rem 0.9375rem 0.9375rem;\"><div class=\"_1pEVDa\" style=\"display: flex; margin-bottom: 1.125rem;\"><label class=\"_1A0RCW\" style=\"color: rgba(0, 0, 0, 0.4); font-size: 0.875rem; width: 6.25rem; margin-right: 2.5rem;\">Danh Mục</label><div class=\"flex items-center _3bDXqx\" style=\"display: flex; align-items: center; height: 0.9375rem; white-space: nowrap;\"><a class=\"_2572CL ni2r2i\" href=\"https://shopee.vn/\" style=\"cursor: pointer; font-size: 0.875rem; color: rgb(0, 85, 170);\">Shopee</a><svg enable-background=\"new 0 0 11 11\" viewBox=\"0 0 11 11\" x=\"0\" y=\"0\" class=\"shopee-svg-icon _2m4lrt icon-arrow-right\"><path d=\"m2.5 11c .1 0 .2 0 .3-.1l6-5c .1-.1.2-.3.2-.4s-.1-.3-.2-.4l-6-5c-.2-.2-.5-.1-.7.1s-.1.5.1.7l5.5 4.6-5.5 4.6c-.2.2-.2.5-.1.7.1.1.3.2.4.2z\"></path></svg><span class=\"_1w3mKA\" style=\"text-overflow: ellipsis; overflow: hidden;\">Grocery</span><svg enable-background=\"new 0 0 11 11\" viewBox=\"0 0 11 11\" x=\"0\" y=\"0\" class=\"shopee-svg-icon _2m4lrt icon-arrow-right\"><path d=\"m2.5 11c .1 0 .2 0 .3-.1l6-5c .1-.1.2-.3.2-.4s-.1-.3-.2-.4l-6-5c-.2-.2-.5-.1-.7.1s-.1.5.1.7l5.5 4.6-5.5 4.6c-.2.2-.2.5-.1.7.1.1.3.2.4.2z\"></path></svg><span class=\"_1w3mKA\" style=\"text-overflow: ellipsis; overflow: hidden;\">Food Staples</span><svg enable-background=\"new 0 0 11 11\" viewBox=\"0 0 11 11\" x=\"0\" y=\"0\" class=\"shopee-svg-icon _2m4lrt icon-arrow-right\"><path d=\"m2.5 11c .1 0 .2 0 .3-.1l6-5c .1-.1.2-.3.2-.4s-.1-.3-.2-.4l-6-5c-.2-.2-.5-.1-.7.1s-.1.5.1.7l5.5 4.6-5.5 4.6c-.2.2-.2.5-.1.7.1.1.3.2.4.2z\"></path></svg><span class=\"_1w3mKA\" style=\"text-overflow: ellipsis; overflow: hidden;\">Dried Goods</span></div></div><div class=\"_1pEVDa\" style=\"display: flex; margin-bottom: 1.125rem;\"><label class=\"_1A0RCW\" style=\"color: rgba(0, 0, 0, 0.4); font-size: 0.875rem; width: 6.25rem; margin-right: 2.5rem;\">Thương hiệu</label><a class=\"_29-l2W\" href=\"https://shopee.vn/search?brands=2145830\" style=\"cursor: pointer; color: rgb(0, 85, 170);\">BẾP NHÀ VỊT</a></div><div class=\"_1pEVDa\" style=\"display: flex; margin-bottom: 1.125rem;\"><label class=\"_1A0RCW\" style=\"color: rgba(0, 0, 0, 0.4); font-size: 0.875rem; width: 6.25rem; margin-right: 2.5rem;\">Hạn sử dụng</label><div>6 tháng</div></div><div class=\"_1pEVDa\" style=\"display: flex; margin-bottom: 1.125rem;\"><label class=\"_1A0RCW\" style=\"color: rgba(0, 0, 0, 0.4); font-size: 0.875rem; width: 6.25rem; margin-right: 2.5rem;\">Xuất xứ</label><div>Việt Nam</div></div><div class=\"_1pEVDa\" style=\"display: flex; margin-bottom: 1.125rem;\"><label class=\"_1A0RCW\" style=\"color: rgba(0, 0, 0, 0.4); font-size: 0.875rem; width: 6.25rem; margin-right: 2.5rem;\">Kho hàng</label><div>158496</div></div><div class=\"_1pEVDa\" style=\"display: flex; margin-bottom: 1.125rem;\"><label class=\"_1A0RCW\" style=\"color: rgba(0, 0, 0, 0.4); font-size: 0.875rem; width: 6.25rem; margin-right: 2.5rem;\">Gửi từ</label><div>Huyện Yên Định, Thanh Hóa</div></div></div></div><div class=\"XbKeLg\" style=\"padding: 0.9375rem 0.9375rem 0px; color: rgba(0, 0, 0, 0.8); font-family: &quot;Helvetica Neue&quot;, Helvetica, Arial, 文泉驛正黑, &quot;WenQuanYi Zen Hei&quot;, &quot;Hiragino Sans GB&quot;, &quot;儷黑 Pro&quot;, &quot;LiHei Pro&quot;, &quot;Heiti TC&quot;, 微軟正黑體, &quot;Microsoft JhengHei UI&quot;, &quot;Microsoft JhengHei&quot;, sans-serif; font-size: 14px;\"><div class=\"_1Qm7yD\" style=\"background: rgba(0, 0, 0, 0.02); color: rgba(0, 0, 0, 0.87); font-size: 1.125rem; padding: 0.875rem; text-transform: capitalize;\">MÔ TẢ SẢN PHẨM</div><div class=\"Fo12Im\" style=\"margin: 1.875rem 0.9375rem 0.9375rem;\"><div class=\"Mhqp_x\" style=\"white-space: pre-wrap; font-size: 0.875rem; overflow: hidden; text-overflow: ellipsis; line-height: 1.875rem;\">Shop đã được Shopee cấp thương hiệu BẾP NHÀ VỊT nên khách yên tâm về chất lượng ạ.\r\nKhách nào cần túi Zip giấy để đóng hàng bán lại thì ib shop tặng thêm nhé.\r\nĐể đáp ứng nhu cầu của các khách hàng, shop sẽ bán lẻ theo giá sỉ tất tần tật các nguyên liệu có thể mix được với chè dưỡng nhan. Mỗi nguyên liệu là 10g tương ứng với số lượng 1 . Trừ mấy loại 1g 5g 100g shop ghi rõ nhé.\r\nTất cả nguyên liệu của shop là hàng tuyển chọn thượng hạng, không ngâm tẩm hóa chất nên hạn dùng 6 tháng.\r\n-Công thức nấu cho khách dễ đặt hàng ạ:\r\n+ 100gr táo đỏ                        SL10\r\n+ 80gr táo đỏ cắt lát               SL 8\r\n+ 30g tuyết yến                      SL 3       \r\n+ 20g bồ mễ (tuyết liên tử)     SL 2\r\n+ 20g Lệ đào                          SL 2\r\n+ 20g đông trùng hạ thảo       SL 2\r\n+ 20g nấm tuyết                     SL 2\r\n+ 10g kỉ tử                              SL 1\r\n+ 10g hạt chia                         SL 1\r\n+ 10g lá dứa                           SL 1\r\n+ 50g hạt sen khô                   SL 5\r\n+ 50g long nhãn                      SL 5\r\n+ 300gr đường phèn               SL 3\r\n+ 5g quế hoa                           SL 5\r\n+ 5g Nụ hồng Tây Tạng.          SL 1\r\n+ 20g Nho khô                         SL 2</div></div></div>','product/avatar/section-recommend-products-wrappe-img-12.jpg',37,NULL,NULL,NULL,NULL,1,'nguyen-lieu-che-duong-nhan-16-vi-tu-chon-loai-thuong-hang-10g-gia-si',1),(103,'Bánh Nướng ',10000.00,8000.00,'Bánh Nướng ','<div class=\"_3wdEZ5\" style=\"background: rgb(255, 255, 255); padding: 25px; font-family: system-ui, -apple-system, &quot;Segoe UI&quot;, Roboto, &quot;Helvetica Neue&quot;, Arial, &quot;Noto Sans&quot;, &quot;Liberation Sans&quot;, sans-serif, &quot;Apple Color Emoji&quot;, &quot;Segoe UI Emoji&quot;, &quot;Segoe UI Symbol&quot;, &quot;Noto Color Emoji&quot;;\"><div class=\"_2pGc2E\" style=\"background: rgba(0, 0, 0, 0.02); color: rgba(0, 0, 0, 0.87); font-size: 1.125rem; padding: 0.875rem; text-transform: capitalize;\">CHI TIẾT SẢN PHẨM</div><div class=\"_1afiLm\" style=\"margin: 1.875rem 0.9375rem 0.9375rem;\"><div class=\"aPKXeO\" style=\"display: flex;\"><label class=\"SFJkS3\" style=\"color: rgba(0, 0, 0, 0.4); font-size: 0.875rem; width: 6.25rem; margin-right: 2.5rem;\">Danh Mục</label><nav aria-label=\"breadcrumb\"><ol class=\"breadcrumb\" style=\"padding: 0px;\"><li class=\"breadcrumb-item\"><a href=\"http://localhost:8080/layouts/index.html\" style=\"color: rgb(13, 110, 253);\">Shopee</a></li><li class=\"breadcrumb-item active\" aria-current=\"page\">Thực phẩm và đồ uống</li><li class=\"breadcrumb-item active\" aria-current=\"page\">Các loại bánh</li><li class=\"breadcrumb-item active\" aria-current=\"page\">Khác</li></ol></nav></div><div class=\"aPKXeO\" style=\"display: flex;\"><label class=\"SFJkS3\" style=\"color: rgba(0, 0, 0, 0.4); font-size: 0.875rem; width: 6.25rem; margin-right: 2.5rem;\">Thương hiệu</label><a class=\"_3Qy6bH\" href=\"http://localhost:8080/search?brands=1072175\" style=\"color: rgb(13, 110, 253);\">Kinh Đô</a></div><div class=\"aPKXeO\" style=\"display: flex;\"><label class=\"SFJkS3\" style=\"color: rgba(0, 0, 0, 0.4); font-size: 0.875rem; width: 6.25rem; margin-right: 2.5rem;\">Hạn sử dụng</label><div>01/10/2021</div></div><div class=\"aPKXeO\" style=\"display: flex;\"><label class=\"SFJkS3\" style=\"color: rgba(0, 0, 0, 0.4); font-size: 0.875rem; width: 6.25rem; margin-right: 2.5rem;\">Xuất xứ</label><div>Việt Nam</div></div><div class=\"aPKXeO\" style=\"display: flex;\"><label class=\"SFJkS3\" style=\"color: rgba(0, 0, 0, 0.4); font-size: 0.875rem; width: 6.25rem; margin-right: 2.5rem;\">Loại thực phẩm</label><div>Theo mùa</div></div><div class=\"aPKXeO\" style=\"display: flex;\"><label class=\"SFJkS3\" style=\"color: rgba(0, 0, 0, 0.4); font-size: 0.875rem; width: 6.25rem; margin-right: 2.5rem;\">Kho hàng</label><div>16835</div></div><div class=\"aPKXeO\" style=\"display: flex;\"><label class=\"SFJkS3\" style=\"color: rgba(0, 0, 0, 0.4); font-size: 0.875rem; width: 6.25rem; margin-right: 2.5rem;\">Gửi từ</label><div>Thành Phố Thủ Đức, TP. Hồ Chí Minh</div></div></div></div><div class=\"_3wdEZ5\" style=\"background: rgb(255, 255, 255); padding: 25px; font-family: system-ui, -apple-system, &quot;Segoe UI&quot;, Roboto, &quot;Helvetica Neue&quot;, Arial, &quot;Noto Sans&quot;, &quot;Liberation Sans&quot;, sans-serif, &quot;Apple Color Emoji&quot;, &quot;Segoe UI Emoji&quot;, &quot;Segoe UI Symbol&quot;, &quot;Noto Color Emoji&quot;;\"><div class=\"_2pGc2E\" style=\"background: rgba(0, 0, 0, 0.02); color: rgba(0, 0, 0, 0.87); font-size: 1.125rem; padding: 0.875rem; text-transform: capitalize;\">MÔ TẢ SẢN PHẨM</div><div class=\"_1afiLm\" style=\"margin: 1.875rem 0.9375rem 0.9375rem;\"><div class=\"_3yZnxJ\">Sản phẩm CHÍNH HÃNG của Công Ty Cổ Phần Mondelez Kinh Đô Việt Nam.<br>Hạn Sử Dụng Bánh Nướng: tháng 10/2021 - Sau Trung Thu 1 tuần.<br>Hạn Sử Dụng Bánh Dẻo: 45 ngày kể từ ngày sản xuất.<br>Xuất sứ Việt Nam.<br>---<br>SẢN PHẨM KINH ĐÔ CHÍNH HÃNG BAO GỒM:<br>***4 BÁNH/ 2 BÁNH CÒN NIÊM PHONG BAO BÌ.<br>***1 HỘP SANG TRỌNG.<br>***1 TÚI GIẤY CAO CẤP.<br>*** HÓA ĐƠN VATGTGT (nếu có).<br>---<br>\"Kết hợp khéo léo giữa những nguyên liệu từ lạ đến quen, mỗi chiếc bánh Trung Thu Kinh Đô nướng thơm bùi, bánh dẻo thanh ngọt mang lời nhắn khác nhau nhưng đều được vun vén gởi trao trong chiếc hộp trang trọng, ấm màu trăng đêm Rằm. Kích thước nhỏ hơn nhưng độ kỳ công không đổi, mỗi chiếc bánh Trung Thu Kinh Đô nướng 150g, bánh dẻo 180g là bản giao hưởng hòa điệu giữa các thành phần nguyên liệu. Cắt bánh, quây quần, cùng thưởng thức vị thu mơn man, tiết thu thanh mát.\"<br>-------<br>TỔNG ĐẠI LÝ BÁNH TRUNG THU KINH ĐÔ THỦ ĐỨC<br>☎️ Hotline Sỉ: 0934.9797.45 (Zalo)<br>---<br><br>⭐ PHÍ VẬN CHUYỂN tùy khu vực.<br>⭐ XUẤT HÓA ĐƠN vat cho Công ty.<br>⭐ Kinh Đô có loại HỘP 2 BÁNH &amp; 4 BÁNH: vui lòng chọn mã bánh theo bảng giá niêm yết của Kinh Đô 2021 và được chiết khấu/ giảm giá theo số lượng.<br>Hạn Sử Dụng Bánh Nướng: tháng 10/2021 - Sau Trung Thu 1 tuần.<br>Hạn Sử Dụng Bánh Dẻo: 45 ngày kể từ ngày sản xuất.<br><br>KINH ĐÔ HÂN HẠNH PHỤC VỤ QUÝ KHÁCH<br><br>#banhtrungthu #banhtrungthukinhdo #banhtrungthuchietkhaucao #banhkeo #trunghthu #banhtrungthugiare #quabieu #quatang #banhtrungthugiasi #banhtrungthukinhdo2021 #banhtrungthukinhdochinhhang</div></div></div>','product/avatar/section-recommend-products-wrappe-img-7.jpg',37,NULL,NULL,NULL,NULL,1,'banh-nuong',0),(104,'【 CHỌN VỊ】Bánh Pía Kim Sa tan chảy 10 vị mới nhất Tân Huê Viên 2020',10000.00,9000.00,'Bánh Pía Kim Sa tan chảy 10 vị mới nhất Tân Huê Viên 2020','<div class=\"_3wdEZ5\" style=\"background: rgb(255, 255, 255); padding: 25px; font-family: system-ui, -apple-system, &quot;Segoe UI&quot;, Roboto, &quot;Helvetica Neue&quot;, Arial, &quot;Noto Sans&quot;, &quot;Liberation Sans&quot;, sans-serif, &quot;Apple Color Emoji&quot;, &quot;Segoe UI Emoji&quot;, &quot;Segoe UI Symbol&quot;, &quot;Noto Color Emoji&quot;;\"><div class=\"_2pGc2E\" style=\"background: rgba(0, 0, 0, 0.02); color: rgba(0, 0, 0, 0.87); font-size: 1.125rem; padding: 0.875rem; text-transform: capitalize;\">CHI TIẾT SẢN PHẨM</div><div class=\"_1afiLm\" style=\"margin: 1.875rem 0.9375rem 0.9375rem;\"><div class=\"aPKXeO\" style=\"display: flex;\"><label class=\"SFJkS3\" style=\"color: rgba(0, 0, 0, 0.4); font-size: 0.875rem; width: 6.25rem; margin-right: 2.5rem;\">Danh Mục</label><nav aria-label=\"breadcrumb\"><ol class=\"breadcrumb\" style=\"padding: 0px;\"><li class=\"breadcrumb-item\"><a href=\"http://localhost:8080/layouts/index.html\" style=\"color: rgb(13, 110, 253);\">Shopee</a></li><li class=\"breadcrumb-item active\" aria-current=\"page\">Thực phẩm và đồ uống</li><li class=\"breadcrumb-item active\" aria-current=\"page\">Các loại bánh</li><li class=\"breadcrumb-item active\" aria-current=\"page\">Khác</li></ol></nav></div><div class=\"aPKXeO\" style=\"display: flex;\"><label class=\"SFJkS3\" style=\"color: rgba(0, 0, 0, 0.4); font-size: 0.875rem; width: 6.25rem; margin-right: 2.5rem;\">Thương hiệu</label><a class=\"_3Qy6bH\" href=\"http://localhost:8080/search?brands=1072175\" style=\"color: rgb(13, 110, 253);\">Kinh Đô</a></div><div class=\"aPKXeO\" style=\"display: flex;\"><label class=\"SFJkS3\" style=\"color: rgba(0, 0, 0, 0.4); font-size: 0.875rem; width: 6.25rem; margin-right: 2.5rem;\">Hạn sử dụng</label><div>01/10/2021</div></div><div class=\"aPKXeO\" style=\"display: flex;\"><label class=\"SFJkS3\" style=\"color: rgba(0, 0, 0, 0.4); font-size: 0.875rem; width: 6.25rem; margin-right: 2.5rem;\">Xuất xứ</label><div>Việt Nam</div></div><div class=\"aPKXeO\" style=\"display: flex;\"><label class=\"SFJkS3\" style=\"color: rgba(0, 0, 0, 0.4); font-size: 0.875rem; width: 6.25rem; margin-right: 2.5rem;\">Loại thực phẩm</label><div>Theo mùa</div></div><div class=\"aPKXeO\" style=\"display: flex;\"><label class=\"SFJkS3\" style=\"color: rgba(0, 0, 0, 0.4); font-size: 0.875rem; width: 6.25rem; margin-right: 2.5rem;\">Kho hàng</label><div>16835</div></div><div class=\"aPKXeO\" style=\"display: flex;\"><label class=\"SFJkS3\" style=\"color: rgba(0, 0, 0, 0.4); font-size: 0.875rem; width: 6.25rem; margin-right: 2.5rem;\">Gửi từ</label><div>Thành Phố Thủ Đức, TP. Hồ Chí Minh</div></div></div></div><div class=\"_3wdEZ5\" style=\"background: rgb(255, 255, 255); padding: 25px; font-family: system-ui, -apple-system, &quot;Segoe UI&quot;, Roboto, &quot;Helvetica Neue&quot;, Arial, &quot;Noto Sans&quot;, &quot;Liberation Sans&quot;, sans-serif, &quot;Apple Color Emoji&quot;, &quot;Segoe UI Emoji&quot;, &quot;Segoe UI Symbol&quot;, &quot;Noto Color Emoji&quot;;\"><div class=\"_2pGc2E\" style=\"background: rgba(0, 0, 0, 0.02); color: rgba(0, 0, 0, 0.87); font-size: 1.125rem; padding: 0.875rem; text-transform: capitalize;\">MÔ TẢ SẢN PHẨM</div><div class=\"_1afiLm\" style=\"margin: 1.875rem 0.9375rem 0.9375rem;\"><div class=\"_3yZnxJ\">Sản phẩm CHÍNH HÃNG của Công Ty Cổ Phần Mondelez Kinh Đô Việt Nam.<br>Hạn Sử Dụng Bánh Nướng: tháng 10/2021 - Sau Trung Thu 1 tuần.<br>Hạn Sử Dụng Bánh Dẻo: 45 ngày kể từ ngày sản xuất.<br>Xuất sứ Việt Nam.<br>---<br>SẢN PHẨM KINH ĐÔ CHÍNH HÃNG BAO GỒM:<br>***4 BÁNH/ 2 BÁNH CÒN NIÊM PHONG BAO BÌ.<br>***1 HỘP SANG TRỌNG.<br>***1 TÚI GIẤY CAO CẤP.<br>*** HÓA ĐƠN VATGTGT (nếu có).<br>---<br>\"Kết hợp khéo léo giữa những nguyên liệu từ lạ đến quen, mỗi chiếc bánh Trung Thu Kinh Đô nướng thơm bùi, bánh dẻo thanh ngọt mang lời nhắn khác nhau nhưng đều được vun vén gởi trao trong chiếc hộp trang trọng, ấm màu trăng đêm Rằm. Kích thước nhỏ hơn nhưng độ kỳ công không đổi, mỗi chiếc bánh Trung Thu Kinh Đô nướng 150g, bánh dẻo 180g là bản giao hưởng hòa điệu giữa các thành phần nguyên liệu. Cắt bánh, quây quần, cùng thưởng thức vị thu mơn man, tiết thu thanh mát.\"<br>-------<br>TỔNG ĐẠI LÝ BÁNH TRUNG THU KINH ĐÔ THỦ ĐỨC<br>☎️ Hotline Sỉ: 0934.9797.45 (Zalo)<br>---<br><br>⭐ PHÍ VẬN CHUYỂN tùy khu vực.<br>⭐ XUẤT HÓA ĐƠN vat cho Công ty.<br>⭐ Kinh Đô có loại HỘP 2 BÁNH &amp; 4 BÁNH: vui lòng chọn mã bánh theo bảng giá niêm yết của Kinh Đô 2021 và được chiết khấu/ giảm giá theo số lượng.<br>Hạn Sử Dụng Bánh Nướng: tháng 10/2021 - Sau Trung Thu 1 tuần.<br>Hạn Sử Dụng Bánh Dẻo: 45 ngày kể từ ngày sản xuất.<br><br>KINH ĐÔ HÂN HẠNH PHỤC VỤ QUÝ KHÁCH<br><br>#banhtrungthu #banhtrungthukinhdo #banhtrungthuchietkhaucao #banhkeo #trunghthu #banhtrungthugiare #quabieu #quatang #banhtrungthugiasi #banhtrungthukinhdo2021 #banhtrungthukinhdochinhhang</div></div></div>','product/avatar/section-recommend-products-wrappe-img-10.jpg',37,NULL,NULL,NULL,NULL,1,'chon-vibanh-pia-kim-sa-tan-chay-10-vi-moi-nhat-tan-hue-vien-2020',0),(105,'Ghế Ngồi Chip nall',12000.00,113000.00,'Ghế Ngồi Chip nall','<div class=\"_3wdEZ5\" style=\"background: rgb(255, 255, 255); padding: 25px; font-family: system-ui, -apple-system, &quot;Segoe UI&quot;, Roboto, &quot;Helvetica Neue&quot;, Arial, &quot;Noto Sans&quot;, &quot;Liberation Sans&quot;, sans-serif, &quot;Apple Color Emoji&quot;, &quot;Segoe UI Emoji&quot;, &quot;Segoe UI Symbol&quot;, &quot;Noto Color Emoji&quot;;\"><div class=\"_2pGc2E\" style=\"background: rgba(0, 0, 0, 0.02); color: rgba(0, 0, 0, 0.87); font-size: 1.125rem; padding: 0.875rem; text-transform: capitalize;\">CHI TIẾT SẢN PHẨM</div><div class=\"_1afiLm\" style=\"margin: 1.875rem 0.9375rem 0.9375rem;\"><div class=\"aPKXeO\" style=\"display: flex;\"><label class=\"SFJkS3\" style=\"color: rgba(0, 0, 0, 0.4); font-size: 0.875rem; width: 6.25rem; margin-right: 2.5rem;\">Danh Mục</label><nav aria-label=\"breadcrumb\" style=\"--bs-breadcrumb-divider: &quot;>&quot;;\"><ol class=\"breadcrumb\" style=\"padding: 0px;\"><li class=\"breadcrumb-item\"><a href=\"file:///F:/TI/StudientCode/fullstacks.edu.vn/long/layouts/index.html\" style=\"color: rgb(13, 110, 253);\">Shopee</a></li><li class=\"breadcrumb-item active\" aria-current=\"page\">Đồ Gia Dụng</li><li class=\"breadcrumb-item active\" aria-current=\"page\">Ghế</li><li class=\"breadcrumb-item active\" aria-current=\"page\">Khác</li></ol></nav></div><div class=\"aPKXeO\" style=\"display: flex;\"><label class=\"SFJkS3\" style=\"color: rgba(0, 0, 0, 0.4); font-size: 0.875rem; width: 6.25rem; margin-right: 2.5rem;\">Thương hiệu</label><a class=\"_3Qy6bH\" href=\"file:///F:/search?brands=1072175\" style=\"color: rgb(13, 110, 253);\">Chip nall</a></div><div class=\"aPKXeO\" style=\"display: flex;\"><label class=\"SFJkS3\" style=\"color: rgba(0, 0, 0, 0.4); font-size: 0.875rem; width: 6.25rem; margin-right: 2.5rem;\">Hạn sử dụng</label><div>01/11/2021</div></div><div class=\"aPKXeO\" style=\"display: flex;\"><label class=\"SFJkS3\" style=\"color: rgba(0, 0, 0, 0.4); font-size: 0.875rem; width: 6.25rem; margin-right: 2.5rem;\">Xuất xứ</label><div>Việt Nam</div></div><div class=\"aPKXeO\" style=\"display: flex;\"><label class=\"SFJkS3\" style=\"color: rgba(0, 0, 0, 0.4); font-size: 0.875rem; width: 6.25rem; margin-right: 2.5rem;\">Loại thực phẩm</label><div>Theo mùa</div></div><div class=\"aPKXeO\" style=\"display: flex;\"><label class=\"SFJkS3\" style=\"color: rgba(0, 0, 0, 0.4); font-size: 0.875rem; width: 6.25rem; margin-right: 2.5rem;\">Kho hàng</label><div>16835</div></div><div class=\"aPKXeO\" style=\"display: flex;\"><label class=\"SFJkS3\" style=\"color: rgba(0, 0, 0, 0.4); font-size: 0.875rem; width: 6.25rem; margin-right: 2.5rem;\">Gửi từ</label><div>Thành Phố Thủ Đức, TP. Hồ Chí Minh</div></div></div></div><div class=\"_3wdEZ5\" style=\"background: rgb(255, 255, 255); padding: 25px; font-family: system-ui, -apple-system, &quot;Segoe UI&quot;, Roboto, &quot;Helvetica Neue&quot;, Arial, &quot;Noto Sans&quot;, &quot;Liberation Sans&quot;, sans-serif, &quot;Apple Color Emoji&quot;, &quot;Segoe UI Emoji&quot;, &quot;Segoe UI Symbol&quot;, &quot;Noto Color Emoji&quot;;\"><div class=\"_2pGc2E\" style=\"background: rgba(0, 0, 0, 0.02); color: rgba(0, 0, 0, 0.87); font-size: 1.125rem; padding: 0.875rem; text-transform: capitalize;\">MÔ TẢ SẢN PHẨM</div><div class=\"_1afiLm\" style=\"margin: 1.875rem 0.9375rem 0.9375rem;\"><div class=\"_3yZnxJ\">Sản phẩm CHÍNH HÃNG của Công Ty Cổ Phần Mondelez Kinh Đô Việt Nam.<br>Hạn Sử Dụng Bánh Nướng: tháng 10/2021 - Sau Trung Thu 1 tuần.<br>Hạn Sử Dụng Bánh Dẻo: 45 ngày kể từ ngày sản xuất.<br>Xuất sứ Việt Nam.<br>---<br>SẢN PHẨM KINH ĐÔ CHÍNH HÃNG BAO GỒM:<br>***4 BÁNH/ 2 BÁNH CÒN NIÊM PHONG BAO BÌ.<br>***1 HỘP SANG TRỌNG.<br>***1 TÚI GIẤY CAO CẤP.<br>*** HÓA ĐƠN VATGTGT (nếu có).<br>---<br>\"Kết hợp khéo léo giữa những nguyên liệu từ lạ đến quen, mỗi chiếc bánh Trung Thu Kinh Đô nướng thơm bùi, bánh dẻo thanh ngọt mang lời nhắn khác nhau nhưng đều được vun vén gởi trao trong chiếc hộp trang trọng, ấm màu trăng đêm Rằm. Kích thước nhỏ hơn nhưng độ kỳ công không đổi, mỗi chiếc bánh Trung Thu Kinh Đô nướng 150g, bánh dẻo 180g là bản giao hưởng hòa điệu giữa các thành phần nguyên liệu. Cắt bánh, quây quần, cùng thưởng thức vị thu mơn man, tiết thu thanh mát.\"<br>-------<br>TỔNG ĐẠI LÝ BÁNH TRUNG THU KINH ĐÔ THỦ ĐỨC<br>☎️ Hotline Sỉ: 0934.9797.45 (Zalo)<br>---<br><br>⭐ PHÍ VẬN CHUYỂN tùy khu vực.<br>⭐ XUẤT HÓA ĐƠN vat cho Công ty.<br>⭐ Kinh Đô có loại HỘP 2 BÁNH &amp; 4 BÁNH: vui lòng chọn mã bánh theo bảng giá niêm yết của Kinh Đô 2021 và được chiết khấu/ giảm giá theo số lượng.<br>Hạn Sử Dụng Bánh Nướng: tháng 10/2021 - Sau Trung Thu 1 tuần.<br>Hạn Sử Dụng Bánh Dẻo: 45 ngày kể từ ngày sản xuất.<br><br>KINH ĐÔ HÂN HẠNH PHỤC VỤ QUÝ KHÁCH<br><br>#banhtrungthu #banhtrungthukinhdo #banhtrungthuchietkhaucao #banhkeo #trunghthu #banhtrungthugiare #quabieu #quatang #banhtrungthugiasi #banhtrungthukinhdo2021 #banhtrungthukinhdochinhhang</div></div></div>','product/avatar/section-recommend-products-wrappe-img-3.jpg',37,NULL,NULL,NULL,NULL,1,'ghe-ngoi-chip-nall',1),(106,'Đèn Ngủ Hình Ánh Trăng ',200000.00,200000.00,'Đèn Ngủ Hình Ánh Trăng ','<div class=\"_3wdEZ5\" style=\"background: rgb(255, 255, 255); padding: 25px; font-family: system-ui, -apple-system, &quot;Segoe UI&quot;, Roboto, &quot;Helvetica Neue&quot;, Arial, &quot;Noto Sans&quot;, &quot;Liberation Sans&quot;, sans-serif, &quot;Apple Color Emoji&quot;, &quot;Segoe UI Emoji&quot;, &quot;Segoe UI Symbol&quot;, &quot;Noto Color Emoji&quot;;\"><div class=\"_2pGc2E\" style=\"background: rgba(0, 0, 0, 0.02); color: rgba(0, 0, 0, 0.87); font-size: 1.125rem; padding: 0.875rem; text-transform: capitalize;\">CHI TIẾT SẢN PHẨM</div><div class=\"_1afiLm\" style=\"margin: 1.875rem 0.9375rem 0.9375rem;\"><div class=\"aPKXeO\" style=\"display: flex;\"><label class=\"SFJkS3\" style=\"color: rgba(0, 0, 0, 0.4); font-size: 0.875rem; width: 6.25rem; margin-right: 2.5rem;\">Danh Mục</label><nav aria-label=\"breadcrumb\" style=\"--bs-breadcrumb-divider: &quot;>&quot;;\"><ol class=\"breadcrumb\" style=\"padding: 0px;\"><li class=\"breadcrumb-item\"><a href=\"file:///F:/TI/StudientCode/fullstacks.edu.vn/long/layouts/index.html\" style=\"color: rgb(13, 110, 253);\">Shopee</a></li><li class=\"breadcrumb-item active\" aria-current=\"page\">Đèn Ngủ / Các loại bánh</li><li class=\"breadcrumb-item active\" aria-current=\"page\">Khác</li></ol></nav></div><div class=\"aPKXeO\" style=\"display: flex;\"><label class=\"SFJkS3\" style=\"color: rgba(0, 0, 0, 0.4); font-size: 0.875rem; width: 6.25rem; margin-right: 2.5rem;\">Thương hiệu</label><a class=\"_3Qy6bH\" href=\"file:///F:/search?brands=1072175\" style=\"color: rgb(13, 110, 253);\">Kinh Đô</a></div><div class=\"aPKXeO\" style=\"display: flex;\"><label class=\"SFJkS3\" style=\"color: rgba(0, 0, 0, 0.4); font-size: 0.875rem; width: 6.25rem; margin-right: 2.5rem;\">Hạn sử dụng</label><div>01/10/2021</div></div><div class=\"aPKXeO\" style=\"display: flex;\"><label class=\"SFJkS3\" style=\"color: rgba(0, 0, 0, 0.4); font-size: 0.875rem; width: 6.25rem; margin-right: 2.5rem;\">Xuất xứ</label><div>Việt Nam</div></div><div class=\"aPKXeO\" style=\"display: flex;\"><label class=\"SFJkS3\" style=\"color: rgba(0, 0, 0, 0.4); font-size: 0.875rem; width: 6.25rem; margin-right: 2.5rem;\">Loại thực phẩm</label><div>Theo mùa</div></div><div class=\"aPKXeO\" style=\"display: flex;\"><label class=\"SFJkS3\" style=\"color: rgba(0, 0, 0, 0.4); font-size: 0.875rem; width: 6.25rem; margin-right: 2.5rem;\">Kho hàng</label><div>16835</div></div><div class=\"aPKXeO\" style=\"display: flex;\"><label class=\"SFJkS3\" style=\"color: rgba(0, 0, 0, 0.4); font-size: 0.875rem; width: 6.25rem; margin-right: 2.5rem;\">Gửi từ</label><div>Thành Phố Thủ Đức, TP. Hồ Chí Minh</div></div></div></div><div class=\"_3wdEZ5\" style=\"background: rgb(255, 255, 255); padding: 25px; font-family: system-ui, -apple-system, &quot;Segoe UI&quot;, Roboto, &quot;Helvetica Neue&quot;, Arial, &quot;Noto Sans&quot;, &quot;Liberation Sans&quot;, sans-serif, &quot;Apple Color Emoji&quot;, &quot;Segoe UI Emoji&quot;, &quot;Segoe UI Symbol&quot;, &quot;Noto Color Emoji&quot;;\"><div class=\"_2pGc2E\" style=\"background: rgba(0, 0, 0, 0.02); color: rgba(0, 0, 0, 0.87); font-size: 1.125rem; padding: 0.875rem; text-transform: capitalize;\">MÔ TẢ SẢN PHẨM</div><div class=\"_1afiLm\" style=\"margin: 1.875rem 0.9375rem 0.9375rem;\"><div class=\"_3yZnxJ\">Sản phẩm CHÍNH HÃNG của Công Ty Cổ Phần Mondelez Kinh Đô Việt Nam.<br>Hạn Sử Dụng Bánh Nướng: tháng 10/2021 - Sau Trung Thu 1 tuần.<br>Hạn Sử Dụng Bánh Dẻo: 45 ngày kể từ ngày sản xuất.<br>Xuất sứ Việt Nam.<br>---<br>SẢN PHẨM KINH ĐÔ CHÍNH HÃNG BAO GỒM:<br>***4 BÁNH/ 2 BÁNH CÒN NIÊM PHONG BAO BÌ.<br>***1 HỘP SANG TRỌNG.<br>***1 TÚI GIẤY CAO CẤP.<br>*** HÓA ĐƠN VATGTGT (nếu có).<br>---<br>\"Kết hợp khéo léo giữa những nguyên liệu từ lạ đến quen, mỗi chiếc bánh Trung Thu Kinh Đô nướng thơm bùi, bánh dẻo thanh ngọt mang lời nhắn khác nhau nhưng đều được vun vén gởi trao trong chiếc hộp trang trọng, ấm màu trăng đêm Rằm. Kích thước nhỏ hơn nhưng độ kỳ công không đổi, mỗi chiếc bánh Trung Thu Kinh Đô nướng 150g, bánh dẻo 180g là bản giao hưởng hòa điệu giữa các thành phần nguyên liệu. Cắt bánh, quây quần, cùng thưởng thức vị thu mơn man, tiết thu thanh mát.\"<br>-------<br>TỔNG ĐẠI LÝ BÁNH TRUNG THU KINH ĐÔ THỦ ĐỨC<br>☎️ Hotline Sỉ: 0934.9797.45 (Zalo)<br>---<br><br>⭐ PHÍ VẬN CHUYỂN tùy khu vực.<br>⭐ XUẤT HÓA ĐƠN vat cho Công ty.<br>⭐ Kinh Đô có loại HỘP 2 BÁNH &amp; 4 BÁNH: vui lòng chọn mã bánh theo bảng giá niêm yết của Kinh Đô 2021 và được chiết khấu/ giảm giá theo số lượng.<br>Hạn Sử Dụng Bánh Nướng: tháng 10/2021 - Sau Trung Thu 1 tuần.<br>Hạn Sử Dụng Bánh Dẻo: 45 ngày kể từ ngày sản xuất.<br><br>KINH ĐÔ HÂN HẠNH PHỤC VỤ QUÝ KHÁCH<br><br>#banhtrungthu #banhtrungthukinhdo #banhtrungthuchietkhaucao #banhkeo #trunghthu #banhtrungthugiare #quabieu #quatang #banhtrungthugiasi #banhtrungthukinhdo2021 #banhtrungthukinhdochinhhang</div></div></div>','product/avatar/section-recommend-products-wrappe-img-14.jpg',37,NULL,NULL,NULL,NULL,1,'en-ngu-hinh-anh-trang',1),(107,'Bộ  Ghép Chữ Cái Giúp Trẻ Học Đánh Vần Tiếng Anh',15000.00,14000.00,'Bộ  Ghép Chữ Cái Giúp Trẻ Học Đánh Vần Tiếng Anh','<div class=\"_3wdEZ5\" style=\"background: rgb(255, 255, 255); padding: 25px; font-family: system-ui, -apple-system, &quot;Segoe UI&quot;, Roboto, &quot;Helvetica Neue&quot;, Arial, &quot;Noto Sans&quot;, &quot;Liberation Sans&quot;, sans-serif, &quot;Apple Color Emoji&quot;, &quot;Segoe UI Emoji&quot;, &quot;Segoe UI Symbol&quot;, &quot;Noto Color Emoji&quot;;\"><div class=\"_2pGc2E\" style=\"background: rgba(0, 0, 0, 0.02); color: rgba(0, 0, 0, 0.87); font-size: 1.125rem; padding: 0.875rem; text-transform: capitalize;\">CHI TIẾT SẢN PHẨM</div><div class=\"_1afiLm\" style=\"margin: 1.875rem 0.9375rem 0.9375rem;\"><div class=\"aPKXeO\" style=\"display: flex;\"><label class=\"SFJkS3\" style=\"color: rgba(0, 0, 0, 0.4); font-size: 0.875rem; width: 6.25rem; margin-right: 2.5rem;\">Danh Mục</label><nav aria-label=\"breadcrumb\" style=\"--bs-breadcrumb-divider: &quot;>&quot;;\"><ol class=\"breadcrumb\" style=\"padding: 0px;\"><li class=\"breadcrumb-item\"><a href=\"file:///F:/TI/StudientCode/fullstacks.edu.vn/long/layouts/index.html\" style=\"color: rgb(13, 110, 253);\">Shopee</a></li><li class=\"breadcrumb-item active\" aria-current=\"page\">Thực phẩm và đồ uống</li><li class=\"breadcrumb-item active\" aria-current=\"page\">Các loại bánh</li><li class=\"breadcrumb-item active\" aria-current=\"page\">Khác</li></ol></nav></div><div class=\"aPKXeO\" style=\"display: flex;\"><label class=\"SFJkS3\" style=\"color: rgba(0, 0, 0, 0.4); font-size: 0.875rem; width: 6.25rem; margin-right: 2.5rem;\">Thương hiệu</label><a class=\"_3Qy6bH\" href=\"file:///F:/search?brands=1072175\" style=\"color: rgb(13, 110, 253);\">Kinh Đô</a></div><div class=\"aPKXeO\" style=\"display: flex;\"><label class=\"SFJkS3\" style=\"color: rgba(0, 0, 0, 0.4); font-size: 0.875rem; width: 6.25rem; margin-right: 2.5rem;\">Hạn sử dụng</label><div>01/10/2021</div></div><div class=\"aPKXeO\" style=\"display: flex;\"><label class=\"SFJkS3\" style=\"color: rgba(0, 0, 0, 0.4); font-size: 0.875rem; width: 6.25rem; margin-right: 2.5rem;\">Xuất xứ</label><div>Việt Nam</div></div><div class=\"aPKXeO\" style=\"display: flex;\"><label class=\"SFJkS3\" style=\"color: rgba(0, 0, 0, 0.4); font-size: 0.875rem; width: 6.25rem; margin-right: 2.5rem;\">Loại thực phẩm</label><div>Theo mùa</div></div><div class=\"aPKXeO\" style=\"display: flex;\"><label class=\"SFJkS3\" style=\"color: rgba(0, 0, 0, 0.4); font-size: 0.875rem; width: 6.25rem; margin-right: 2.5rem;\">Kho hàng</label><div>16835</div></div><div class=\"aPKXeO\" style=\"display: flex;\"><label class=\"SFJkS3\" style=\"color: rgba(0, 0, 0, 0.4); font-size: 0.875rem; width: 6.25rem; margin-right: 2.5rem;\">Gửi từ</label><div>Thành Phố Thủ Đức, TP. Hồ Chí Minh</div></div></div></div><div class=\"_3wdEZ5\" style=\"background: rgb(255, 255, 255); padding: 25px; font-family: system-ui, -apple-system, &quot;Segoe UI&quot;, Roboto, &quot;Helvetica Neue&quot;, Arial, &quot;Noto Sans&quot;, &quot;Liberation Sans&quot;, sans-serif, &quot;Apple Color Emoji&quot;, &quot;Segoe UI Emoji&quot;, &quot;Segoe UI Symbol&quot;, &quot;Noto Color Emoji&quot;;\"><div class=\"_2pGc2E\" style=\"background: rgba(0, 0, 0, 0.02); color: rgba(0, 0, 0, 0.87); font-size: 1.125rem; padding: 0.875rem; text-transform: capitalize;\">MÔ TẢ SẢN PHẨM</div><div class=\"_1afiLm\" style=\"margin: 1.875rem 0.9375rem 0.9375rem;\"><div class=\"_3yZnxJ\">Sản phẩm CHÍNH HÃNG của Công Ty Cổ Phần Mondelez Kinh Đô Việt Nam.<br>Hạn Sử Dụng Bánh Nướng: tháng 10/2021 - Sau Trung Thu 1 tuần.<br>Hạn Sử Dụng Bánh Dẻo: 45 ngày kể từ ngày sản xuất.<br>Xuất sứ Việt Nam.<br>---<br>SẢN PHẨM KINH ĐÔ CHÍNH HÃNG BAO GỒM:<br>***4 BÁNH/ 2 BÁNH CÒN NIÊM PHONG BAO BÌ.<br>***1 HỘP SANG TRỌNG.<br>***1 TÚI GIẤY CAO CẤP.<br>*** HÓA ĐƠN VATGTGT (nếu có).<br>---<br>\"Kết hợp khéo léo giữa những nguyên liệu từ lạ đến quen, mỗi chiếc bánh Trung Thu Kinh Đô nướng thơm bùi, bánh dẻo thanh ngọt mang lời nhắn khác nhau nhưng đều được vun vén gởi trao trong chiếc hộp trang trọng, ấm màu trăng đêm Rằm. Kích thước nhỏ hơn nhưng độ kỳ công không đổi, mỗi chiếc bánh Trung Thu Kinh Đô nướng 150g, bánh dẻo 180g là bản giao hưởng hòa điệu giữa các thành phần nguyên liệu. Cắt bánh, quây quần, cùng thưởng thức vị thu mơn man, tiết thu thanh mát.\"<br>-------<br>TỔNG ĐẠI LÝ BÁNH TRUNG THU KINH ĐÔ THỦ ĐỨC<br>☎️ Hotline Sỉ: 0934.9797.45 (Zalo)<br>---<br><br>⭐ PHÍ VẬN CHUYỂN tùy khu vực.<br>⭐ XUẤT HÓA ĐƠN vat cho Công ty.<br>⭐ Kinh Đô có loại HỘP 2 BÁNH &amp; 4 BÁNH: vui lòng chọn mã bánh theo bảng giá niêm yết của Kinh Đô 2021 và được chiết khấu/ giảm giá theo số lượng.<br>Hạn Sử Dụng Bánh Nướng: tháng 10/2021 - Sau Trung Thu 1 tuần.<br>Hạn Sử Dụng Bánh Dẻo: 45 ngày kể từ ngày sản xuất.<br><br>KINH ĐÔ HÂN HẠNH PHỤC VỤ QUÝ KHÁCH<br><br>#banhtrungthu #banhtrungthukinhdo #banhtrungthuchietkhaucao #banhkeo #trunghthu #banhtrungthugiare #quabieu #quatang #banhtrungthugiasi #banhtrungthukinhdo2021 #banhtrungthukinhdochinhhang</div></div></div>','product/avatar/section-recommend-products-wrappe-img-4.jpg',37,NULL,NULL,NULL,NULL,1,'bo-ghep-chu-cai-giup-tre-hoc-anh-van-tieng-anh',1),(108,'Giày đá bóng,giày đá banh sân cỏ nhân tạo đã khâu đế 100%',220000.00,200000.00,'Giày đá bóng,giày đá banh sân cỏ nhân tạo đã khâu đế 100%','<div class=\"_3wdEZ5\" style=\"background: rgb(255, 255, 255); padding: 25px; font-family: system-ui, -apple-system, &quot;Segoe UI&quot;, Roboto, &quot;Helvetica Neue&quot;, Arial, &quot;Noto Sans&quot;, &quot;Liberation Sans&quot;, sans-serif, &quot;Apple Color Emoji&quot;, &quot;Segoe UI Emoji&quot;, &quot;Segoe UI Symbol&quot;, &quot;Noto Color Emoji&quot;;\"><div class=\"_2pGc2E\" style=\"background: rgba(0, 0, 0, 0.02); color: rgba(0, 0, 0, 0.87); font-size: 1.125rem; padding: 0.875rem; text-transform: capitalize;\">CHI TIẾT SẢN PHẨM</div><div class=\"_1afiLm\" style=\"margin: 1.875rem 0.9375rem 0.9375rem;\"><div class=\"aPKXeO\" style=\"display: flex;\"><label class=\"SFJkS3\" style=\"color: rgba(0, 0, 0, 0.4); font-size: 0.875rem; width: 6.25rem; margin-right: 2.5rem;\">Danh Mục</label><nav aria-label=\"breadcrumb\" style=\"--bs-breadcrumb-divider: &quot;>&quot;;\"><ol class=\"breadcrumb\" style=\"padding: 0px;\"><li class=\"breadcrumb-item\"><a href=\"file:///F:/TI/StudientCode/fullstacks.edu.vn/long/layouts/index.html\" style=\"color: rgb(13, 110, 253);\">Shopee</a></li><li class=\"breadcrumb-item active\" aria-current=\"page\">Thực phẩm và đồ uống</li><li class=\"breadcrumb-item active\" aria-current=\"page\">Các loại bánh</li><li class=\"breadcrumb-item active\" aria-current=\"page\">Khác</li></ol></nav></div><div class=\"aPKXeO\" style=\"display: flex;\"><label class=\"SFJkS3\" style=\"color: rgba(0, 0, 0, 0.4); font-size: 0.875rem; width: 6.25rem; margin-right: 2.5rem;\">Thương hiệu</label><a class=\"_3Qy6bH\" href=\"file:///F:/search?brands=1072175\" style=\"color: rgb(13, 110, 253);\">Kinh Đô</a></div><div class=\"aPKXeO\" style=\"display: flex;\"><label class=\"SFJkS3\" style=\"color: rgba(0, 0, 0, 0.4); font-size: 0.875rem; width: 6.25rem; margin-right: 2.5rem;\">Hạn sử dụng</label><div>01/10/2021</div></div><div class=\"aPKXeO\" style=\"display: flex;\"><label class=\"SFJkS3\" style=\"color: rgba(0, 0, 0, 0.4); font-size: 0.875rem; width: 6.25rem; margin-right: 2.5rem;\">Xuất xứ</label><div>Việt Nam</div></div><div class=\"aPKXeO\" style=\"display: flex;\"><label class=\"SFJkS3\" style=\"color: rgba(0, 0, 0, 0.4); font-size: 0.875rem; width: 6.25rem; margin-right: 2.5rem;\">Loại thực phẩm</label><div>Theo mùa</div></div><div class=\"aPKXeO\" style=\"display: flex;\"><label class=\"SFJkS3\" style=\"color: rgba(0, 0, 0, 0.4); font-size: 0.875rem; width: 6.25rem; margin-right: 2.5rem;\">Kho hàng</label><div>16835</div></div><div class=\"aPKXeO\" style=\"display: flex;\"><label class=\"SFJkS3\" style=\"color: rgba(0, 0, 0, 0.4); font-size: 0.875rem; width: 6.25rem; margin-right: 2.5rem;\">Gửi từ</label><div>Thành Phố Thủ Đức, TP. Hồ Chí Minh</div></div></div></div><div class=\"_3wdEZ5\" style=\"background: rgb(255, 255, 255); padding: 25px; font-family: system-ui, -apple-system, &quot;Segoe UI&quot;, Roboto, &quot;Helvetica Neue&quot;, Arial, &quot;Noto Sans&quot;, &quot;Liberation Sans&quot;, sans-serif, &quot;Apple Color Emoji&quot;, &quot;Segoe UI Emoji&quot;, &quot;Segoe UI Symbol&quot;, &quot;Noto Color Emoji&quot;;\"><div class=\"_2pGc2E\" style=\"background: rgba(0, 0, 0, 0.02); color: rgba(0, 0, 0, 0.87); font-size: 1.125rem; padding: 0.875rem; text-transform: capitalize;\">MÔ TẢ SẢN PHẨM</div><div class=\"_1afiLm\" style=\"margin: 1.875rem 0.9375rem 0.9375rem;\"><div class=\"_3yZnxJ\">Sản phẩm CHÍNH HÃNG của Công Ty Cổ Phần Mondelez Kinh Đô Việt Nam.<br>Hạn Sử Dụng Bánh Nướng: tháng 10/2021 - Sau Trung Thu 1 tuần.<br>Hạn Sử Dụng Bánh Dẻo: 45 ngày kể từ ngày sản xuất.<br>Xuất sứ Việt Nam.<br>---<br>SẢN PHẨM KINH ĐÔ CHÍNH HÃNG BAO GỒM:<br>***4 BÁNH/ 2 BÁNH CÒN NIÊM PHONG BAO BÌ.<br>***1 HỘP SANG TRỌNG.<br>***1 TÚI GIẤY CAO CẤP.<br>*** HÓA ĐƠN VATGTGT (nếu có).<br>---<br>\"Kết hợp khéo léo giữa những nguyên liệu từ lạ đến quen, mỗi chiếc bánh Trung Thu Kinh Đô nướng thơm bùi, bánh dẻo thanh ngọt mang lời nhắn khác nhau nhưng đều được vun vén gởi trao trong chiếc hộp trang trọng, ấm màu trăng đêm Rằm. Kích thước nhỏ hơn nhưng độ kỳ công không đổi, mỗi chiếc bánh Trung Thu Kinh Đô nướng 150g, bánh dẻo 180g là bản giao hưởng hòa điệu giữa các thành phần nguyên liệu. Cắt bánh, quây quần, cùng thưởng thức vị thu mơn man, tiết thu thanh mát.\"<br>-------<br>TỔNG ĐẠI LÝ BÁNH TRUNG THU KINH ĐÔ THỦ ĐỨC<br>☎️ Hotline Sỉ: 0934.9797.45 (Zalo)<br>---<br><br>⭐ PHÍ VẬN CHUYỂN tùy khu vực.<br>⭐ XUẤT HÓA ĐƠN vat cho Công ty.<br>⭐ Kinh Đô có loại HỘP 2 BÁNH &amp; 4 BÁNH: vui lòng chọn mã bánh theo bảng giá niêm yết của Kinh Đô 2021 và được chiết khấu/ giảm giá theo số lượng.<br>Hạn Sử Dụng Bánh Nướng: tháng 10/2021 - Sau Trung Thu 1 tuần.<br>Hạn Sử Dụng Bánh Dẻo: 45 ngày kể từ ngày sản xuất.<br><br>KINH ĐÔ HÂN HẠNH PHỤC VỤ QUÝ KHÁCH<br><br>#banhtrungthu #banhtrungthukinhdo #banhtrungthuchietkhaucao #banhkeo #trunghthu #banhtrungthugiare #quabieu #quatang #banhtrungthugiasi #banhtrungthukinhdo2021 #banhtrungthukinhdochinhhang</div></div></div>','product/avatar/section-recommend-products-wrappe-img-5.jpg',37,NULL,NULL,NULL,NULL,1,'giay-a-bong-giay-a-banh-san-co-nhan-tao-a-khau-e-100',1),(109,'Hộp nhựa đựng đá, charm, phụ kiện nail 28 ô',9000.00,8000.00,'Hộp nhựa đựng đá, charm, phụ kiện nail 28 ô','<div class=\"_3wdEZ5\" style=\"background: rgb(255, 255, 255); padding: 25px; font-family: system-ui, -apple-system, &quot;Segoe UI&quot;, Roboto, &quot;Helvetica Neue&quot;, Arial, &quot;Noto Sans&quot;, &quot;Liberation Sans&quot;, sans-serif, &quot;Apple Color Emoji&quot;, &quot;Segoe UI Emoji&quot;, &quot;Segoe UI Symbol&quot;, &quot;Noto Color Emoji&quot;;\"><div class=\"_2pGc2E\" style=\"background: rgba(0, 0, 0, 0.02); color: rgba(0, 0, 0, 0.87); font-size: 1.125rem; padding: 0.875rem; text-transform: capitalize;\">CHI TIẾT SẢN PHẨM</div><div class=\"_1afiLm\" style=\"margin: 1.875rem 0.9375rem 0.9375rem;\"><div class=\"aPKXeO\" style=\"display: flex;\"><label class=\"SFJkS3\" style=\"color: rgba(0, 0, 0, 0.4); font-size: 0.875rem; width: 6.25rem; margin-right: 2.5rem;\">Danh Mục</label><nav aria-label=\"breadcrumb\" style=\"--bs-breadcrumb-divider: &quot;>&quot;;\"><ol class=\"breadcrumb\" style=\"padding: 0px;\"><li class=\"breadcrumb-item\"><a href=\"file:///F:/TI/StudientCode/fullstacks.edu.vn/long/layouts/index.html\" style=\"color: rgb(13, 110, 253);\">Shopee</a></li><li class=\"breadcrumb-item active\" aria-current=\"page\">Thực phẩm và đồ uống</li><li class=\"breadcrumb-item active\" aria-current=\"page\">Các loại bánh</li><li class=\"breadcrumb-item active\" aria-current=\"page\">Khác</li></ol></nav></div><div class=\"aPKXeO\" style=\"display: flex;\"><label class=\"SFJkS3\" style=\"color: rgba(0, 0, 0, 0.4); font-size: 0.875rem; width: 6.25rem; margin-right: 2.5rem;\">Thương hiệu</label><a class=\"_3Qy6bH\" href=\"file:///F:/search?brands=1072175\" style=\"color: rgb(13, 110, 253);\">Kinh Đô</a></div><div class=\"aPKXeO\" style=\"display: flex;\"><label class=\"SFJkS3\" style=\"color: rgba(0, 0, 0, 0.4); font-size: 0.875rem; width: 6.25rem; margin-right: 2.5rem;\">Hạn sử dụng</label><div>01/10/2021</div></div><div class=\"aPKXeO\" style=\"display: flex;\"><label class=\"SFJkS3\" style=\"color: rgba(0, 0, 0, 0.4); font-size: 0.875rem; width: 6.25rem; margin-right: 2.5rem;\">Xuất xứ</label><div>Việt Nam</div></div><div class=\"aPKXeO\" style=\"display: flex;\"><label class=\"SFJkS3\" style=\"color: rgba(0, 0, 0, 0.4); font-size: 0.875rem; width: 6.25rem; margin-right: 2.5rem;\">Loại thực phẩm</label><div>Theo mùa</div></div><div class=\"aPKXeO\" style=\"display: flex;\"><label class=\"SFJkS3\" style=\"color: rgba(0, 0, 0, 0.4); font-size: 0.875rem; width: 6.25rem; margin-right: 2.5rem;\">Kho hàng</label><div>16835</div></div><div class=\"aPKXeO\" style=\"display: flex;\"><label class=\"SFJkS3\" style=\"color: rgba(0, 0, 0, 0.4); font-size: 0.875rem; width: 6.25rem; margin-right: 2.5rem;\">Gửi từ</label><div>Thành Phố Thủ Đức, TP. Hồ Chí Minh</div></div></div></div><div class=\"_3wdEZ5\" style=\"background: rgb(255, 255, 255); padding: 25px; font-family: system-ui, -apple-system, &quot;Segoe UI&quot;, Roboto, &quot;Helvetica Neue&quot;, Arial, &quot;Noto Sans&quot;, &quot;Liberation Sans&quot;, sans-serif, &quot;Apple Color Emoji&quot;, &quot;Segoe UI Emoji&quot;, &quot;Segoe UI Symbol&quot;, &quot;Noto Color Emoji&quot;;\"><div class=\"_2pGc2E\" style=\"background: rgba(0, 0, 0, 0.02); color: rgba(0, 0, 0, 0.87); font-size: 1.125rem; padding: 0.875rem; text-transform: capitalize;\">MÔ TẢ SẢN PHẨM</div><div class=\"_1afiLm\" style=\"margin: 1.875rem 0.9375rem 0.9375rem;\"><div class=\"_3yZnxJ\">Sản phẩm CHÍNH HÃNG của Công Ty Cổ Phần Mondelez Kinh Đô Việt Nam.<br>Hạn Sử Dụng Bánh Nướng: tháng 10/2021 - Sau Trung Thu 1 tuần.<br>Hạn Sử Dụng Bánh Dẻo: 45 ngày kể từ ngày sản xuất.<br>Xuất sứ Việt Nam.<br>---<br>SẢN PHẨM KINH ĐÔ CHÍNH HÃNG BAO GỒM:<br>***4 BÁNH/ 2 BÁNH CÒN NIÊM PHONG BAO BÌ.<br>***1 HỘP SANG TRỌNG.<br>***1 TÚI GIẤY CAO CẤP.<br>*** HÓA ĐƠN VATGTGT (nếu có).<br>---<br>\"Kết hợp khéo léo giữa những nguyên liệu từ lạ đến quen, mỗi chiếc bánh Trung Thu Kinh Đô nướng thơm bùi, bánh dẻo thanh ngọt mang lời nhắn khác nhau nhưng đều được vun vén gởi trao trong chiếc hộp trang trọng, ấm màu trăng đêm Rằm. Kích thước nhỏ hơn nhưng độ kỳ công không đổi, mỗi chiếc bánh Trung Thu Kinh Đô nướng 150g, bánh dẻo 180g là bản giao hưởng hòa điệu giữa các thành phần nguyên liệu. Cắt bánh, quây quần, cùng thưởng thức vị thu mơn man, tiết thu thanh mát.\"<br>-------<br>TỔNG ĐẠI LÝ BÁNH TRUNG THU KINH ĐÔ THỦ ĐỨC<br>☎️ Hotline Sỉ: 0934.9797.45 (Zalo)<br>---<br><br>⭐ PHÍ VẬN CHUYỂN tùy khu vực.<br>⭐ XUẤT HÓA ĐƠN vat cho Công ty.<br>⭐ Kinh Đô có loại HỘP 2 BÁNH &amp; 4 BÁNH: vui lòng chọn mã bánh theo bảng giá niêm yết của Kinh Đô 2021 và được chiết khấu/ giảm giá theo số lượng.<br>Hạn Sử Dụng Bánh Nướng: tháng 10/2021 - Sau Trung Thu 1 tuần.<br>Hạn Sử Dụng Bánh Dẻo: 45 ngày kể từ ngày sản xuất.<br><br>KINH ĐÔ HÂN HẠNH PHỤC VỤ QUÝ KHÁCH<br><br>#banhtrungthu #banhtrungthukinhdo #banhtrungthuchietkhaucao #banhkeo #trunghthu #banhtrungthugiare #quabieu #quatang #banhtrungthugiasi #banhtrungthukinhdo2021 #banhtrungthukinhdochinhhang</div></div></div>','product/avatar/section-recommend-products-wrappe-img-8.jpg',37,NULL,NULL,NULL,NULL,1,'hop-nhua-ung-a-charm-phu-kien-nail-28-o',1),(110,'Bánh Trung Thu nướng, dẻo nhân Matcha 150g “ Tặng kèm bánh hình thú”',12002.00,12001.00,'Bánh Trung Thu nướng, dẻo nhân Matcha 150g “ Tặng kèm bánh hình thú”','<div class=\"_3wdEZ5\" style=\"background: rgb(255, 255, 255); padding: 25px; font-family: system-ui, -apple-system, &quot;Segoe UI&quot;, Roboto, &quot;Helvetica Neue&quot;, Arial, &quot;Noto Sans&quot;, &quot;Liberation Sans&quot;, sans-serif, &quot;Apple Color Emoji&quot;, &quot;Segoe UI Emoji&quot;, &quot;Segoe UI Symbol&quot;, &quot;Noto Color Emoji&quot;;\"><div class=\"_2pGc2E\" style=\"background: rgba(0, 0, 0, 0.02); color: rgba(0, 0, 0, 0.87); font-size: 1.125rem; padding: 0.875rem; text-transform: capitalize;\">CHI TIẾT SẢN PHẨM</div><div class=\"_1afiLm\" style=\"margin: 1.875rem 0.9375rem 0.9375rem;\"><div class=\"aPKXeO\" style=\"display: flex;\"><label class=\"SFJkS3\" style=\"color: rgba(0, 0, 0, 0.4); font-size: 0.875rem; width: 6.25rem; margin-right: 2.5rem;\">Danh Mục</label><nav aria-label=\"breadcrumb\" style=\"--bs-breadcrumb-divider: &quot;>&quot;;\"><ol class=\"breadcrumb\" style=\"padding: 0px;\"><li class=\"breadcrumb-item\"><a href=\"file:///F:/TI/StudientCode/fullstacks.edu.vn/long/layouts/index.html\" style=\"color: rgb(13, 110, 253);\">Shopee</a></li><li class=\"breadcrumb-item active\" aria-current=\"page\">Thực phẩm và đồ uống</li><li class=\"breadcrumb-item active\" aria-current=\"page\">Các loại bánh</li><li class=\"breadcrumb-item active\" aria-current=\"page\">Khác</li></ol></nav></div><div class=\"aPKXeO\" style=\"display: flex;\"><label class=\"SFJkS3\" style=\"color: rgba(0, 0, 0, 0.4); font-size: 0.875rem; width: 6.25rem; margin-right: 2.5rem;\">Thương hiệu</label><a class=\"_3Qy6bH\" href=\"file:///F:/search?brands=1072175\" style=\"color: rgb(13, 110, 253);\">Kinh Đô</a></div><div class=\"aPKXeO\" style=\"display: flex;\"><label class=\"SFJkS3\" style=\"color: rgba(0, 0, 0, 0.4); font-size: 0.875rem; width: 6.25rem; margin-right: 2.5rem;\">Hạn sử dụng</label><div>01/10/2021</div></div><div class=\"aPKXeO\" style=\"display: flex;\"><label class=\"SFJkS3\" style=\"color: rgba(0, 0, 0, 0.4); font-size: 0.875rem; width: 6.25rem; margin-right: 2.5rem;\">Xuất xứ</label><div>Việt Nam</div></div><div class=\"aPKXeO\" style=\"display: flex;\"><label class=\"SFJkS3\" style=\"color: rgba(0, 0, 0, 0.4); font-size: 0.875rem; width: 6.25rem; margin-right: 2.5rem;\">Loại thực phẩm</label><div>Theo mùa</div></div><div class=\"aPKXeO\" style=\"display: flex;\"><label class=\"SFJkS3\" style=\"color: rgba(0, 0, 0, 0.4); font-size: 0.875rem; width: 6.25rem; margin-right: 2.5rem;\">Kho hàng</label><div>16835</div></div><div class=\"aPKXeO\" style=\"display: flex;\"><label class=\"SFJkS3\" style=\"color: rgba(0, 0, 0, 0.4); font-size: 0.875rem; width: 6.25rem; margin-right: 2.5rem;\">Gửi từ</label><div>Thành Phố Thủ Đức, TP. Hồ Chí Minh</div></div></div></div><div class=\"_3wdEZ5\" style=\"background: rgb(255, 255, 255); padding: 25px; font-family: system-ui, -apple-system, &quot;Segoe UI&quot;, Roboto, &quot;Helvetica Neue&quot;, Arial, &quot;Noto Sans&quot;, &quot;Liberation Sans&quot;, sans-serif, &quot;Apple Color Emoji&quot;, &quot;Segoe UI Emoji&quot;, &quot;Segoe UI Symbol&quot;, &quot;Noto Color Emoji&quot;;\"><div class=\"_2pGc2E\" style=\"background: rgba(0, 0, 0, 0.02); color: rgba(0, 0, 0, 0.87); font-size: 1.125rem; padding: 0.875rem; text-transform: capitalize;\">MÔ TẢ SẢN PHẨM</div><div class=\"_1afiLm\" style=\"margin: 1.875rem 0.9375rem 0.9375rem;\"><div class=\"_3yZnxJ\">Sản phẩm CHÍNH HÃNG của Công Ty Cổ Phần Mondelez Kinh Đô Việt Nam.<br>Hạn Sử Dụng Bánh Nướng: tháng 10/2021 - Sau Trung Thu 1 tuần.<br>Hạn Sử Dụng Bánh Dẻo: 45 ngày kể từ ngày sản xuất.<br>Xuất sứ Việt Nam.<br>---<br>SẢN PHẨM KINH ĐÔ CHÍNH HÃNG BAO GỒM:<br>***4 BÁNH/ 2 BÁNH CÒN NIÊM PHONG BAO BÌ.<br>***1 HỘP SANG TRỌNG.<br>***1 TÚI GIẤY CAO CẤP.<br>*** HÓA ĐƠN VATGTGT (nếu có).<br>---<br>\"Kết hợp khéo léo giữa những nguyên liệu từ lạ đến quen, mỗi chiếc bánh Trung Thu Kinh Đô nướng thơm bùi, bánh dẻo thanh ngọt mang lời nhắn khác nhau nhưng đều được vun vén gởi trao trong chiếc hộp trang trọng, ấm màu trăng đêm Rằm. Kích thước nhỏ hơn nhưng độ kỳ công không đổi, mỗi chiếc bánh Trung Thu Kinh Đô nướng 150g, bánh dẻo 180g là bản giao hưởng hòa điệu giữa các thành phần nguyên liệu. Cắt bánh, quây quần, cùng thưởng thức vị thu mơn man, tiết thu thanh mát.\"<br>-------<br>TỔNG ĐẠI LÝ BÁNH TRUNG THU KINH ĐÔ THỦ ĐỨC<br>☎️ Hotline Sỉ: 0934.9797.45 (Zalo)<br>---<br><br>⭐ PHÍ VẬN CHUYỂN tùy khu vực.<br>⭐ XUẤT HÓA ĐƠN vat cho Công ty.<br>⭐ Kinh Đô có loại HỘP 2 BÁNH &amp; 4 BÁNH: vui lòng chọn mã bánh theo bảng giá niêm yết của Kinh Đô 2021 và được chiết khấu/ giảm giá theo số lượng.<br>Hạn Sử Dụng Bánh Nướng: tháng 10/2021 - Sau Trung Thu 1 tuần.<br>Hạn Sử Dụng Bánh Dẻo: 45 ngày kể từ ngày sản xuất.<br><br>KINH ĐÔ HÂN HẠNH PHỤC VỤ QUÝ KHÁCH<br><br>#banhtrungthu #banhtrungthukinhdo #banhtrungthuchietkhaucao #banhkeo #trunghthu #banhtrungthugiare #quabieu #quatang #banhtrungthugiasi #banhtrungthukinhdo2021 #banhtrungthukinhdochinhhang</div></div></div>','product/avatar/section-recommend-products-wrappe-img-7.jpg',37,NULL,NULL,NULL,NULL,1,'banh-trung-thu-nuong-deo-nhan-matcha-150g-tang-kem-banh-hinh-thu',1),(111,'Áo phông Cotton BUPBFPP hình gấu.',80000.00,70000.00,'Áo phông Cotton BUPBFPP hình gấu.','<div class=\"_3wdEZ5\" style=\"background: rgb(255, 255, 255); padding: 25px; font-family: system-ui, -apple-system, &quot;Segoe UI&quot;, Roboto, &quot;Helvetica Neue&quot;, Arial, &quot;Noto Sans&quot;, &quot;Liberation Sans&quot;, sans-serif, &quot;Apple Color Emoji&quot;, &quot;Segoe UI Emoji&quot;, &quot;Segoe UI Symbol&quot;, &quot;Noto Color Emoji&quot;;\"><div class=\"_2pGc2E\" style=\"background: rgba(0, 0, 0, 0.02); color: rgba(0, 0, 0, 0.87); font-size: 1.125rem; padding: 0.875rem; text-transform: capitalize;\">CHI TIẾT SẢN PHẨM</div><div class=\"_1afiLm\" style=\"margin: 1.875rem 0.9375rem 0.9375rem;\"><div class=\"aPKXeO\" style=\"display: flex;\"><label class=\"SFJkS3\" style=\"color: rgba(0, 0, 0, 0.4); font-size: 0.875rem; width: 6.25rem; margin-right: 2.5rem;\">Danh Mục</label><nav aria-label=\"breadcrumb\" style=\"--bs-breadcrumb-divider: &quot;>&quot;;\"><ol class=\"breadcrumb\" style=\"padding: 0px;\"><li class=\"breadcrumb-item\"><a href=\"file:///F:/TI/StudientCode/fullstacks.edu.vn/long/layouts/index.html\" style=\"color: rgb(13, 110, 253);\">Shopee</a></li><li class=\"breadcrumb-item active\" aria-current=\"page\">Thực phẩm và đồ uống</li><li class=\"breadcrumb-item active\" aria-current=\"page\">Các loại bánh</li><li class=\"breadcrumb-item active\" aria-current=\"page\">Khác</li></ol></nav></div><div class=\"aPKXeO\" style=\"display: flex;\"><label class=\"SFJkS3\" style=\"color: rgba(0, 0, 0, 0.4); font-size: 0.875rem; width: 6.25rem; margin-right: 2.5rem;\">Thương hiệu</label><a class=\"_3Qy6bH\" href=\"file:///F:/search?brands=1072175\" style=\"color: rgb(13, 110, 253);\">Kinh Đô</a></div><div class=\"aPKXeO\" style=\"display: flex;\"><label class=\"SFJkS3\" style=\"color: rgba(0, 0, 0, 0.4); font-size: 0.875rem; width: 6.25rem; margin-right: 2.5rem;\">Hạn sử dụng</label><div>01/10/2021</div></div><div class=\"aPKXeO\" style=\"display: flex;\"><label class=\"SFJkS3\" style=\"color: rgba(0, 0, 0, 0.4); font-size: 0.875rem; width: 6.25rem; margin-right: 2.5rem;\">Xuất xứ</label><div>Việt Nam</div></div><div class=\"aPKXeO\" style=\"display: flex;\"><label class=\"SFJkS3\" style=\"color: rgba(0, 0, 0, 0.4); font-size: 0.875rem; width: 6.25rem; margin-right: 2.5rem;\">Loại thực phẩm</label><div>Theo mùa</div></div><div class=\"aPKXeO\" style=\"display: flex;\"><label class=\"SFJkS3\" style=\"color: rgba(0, 0, 0, 0.4); font-size: 0.875rem; width: 6.25rem; margin-right: 2.5rem;\">Kho hàng</label><div>16835</div></div><div class=\"aPKXeO\" style=\"display: flex;\"><label class=\"SFJkS3\" style=\"color: rgba(0, 0, 0, 0.4); font-size: 0.875rem; width: 6.25rem; margin-right: 2.5rem;\">Gửi từ</label><div>Thành Phố Thủ Đức, TP. Hồ Chí Minh</div></div></div></div><div class=\"_3wdEZ5\" style=\"background: rgb(255, 255, 255); padding: 25px; font-family: system-ui, -apple-system, &quot;Segoe UI&quot;, Roboto, &quot;Helvetica Neue&quot;, Arial, &quot;Noto Sans&quot;, &quot;Liberation Sans&quot;, sans-serif, &quot;Apple Color Emoji&quot;, &quot;Segoe UI Emoji&quot;, &quot;Segoe UI Symbol&quot;, &quot;Noto Color Emoji&quot;;\"><div class=\"_2pGc2E\" style=\"background: rgba(0, 0, 0, 0.02); color: rgba(0, 0, 0, 0.87); font-size: 1.125rem; padding: 0.875rem; text-transform: capitalize;\">MÔ TẢ SẢN PHẨM</div><div class=\"_1afiLm\" style=\"margin: 1.875rem 0.9375rem 0.9375rem;\"><div class=\"_3yZnxJ\">Sản phẩm CHÍNH HÃNG của Công Ty Cổ Phần Mondelez Kinh Đô Việt Nam.<br>Hạn Sử Dụng Bánh Nướng: tháng 10/2021 - Sau Trung Thu 1 tuần.<br>Hạn Sử Dụng Bánh Dẻo: 45 ngày kể từ ngày sản xuất.<br>Xuất sứ Việt Nam.<br>---<br>SẢN PHẨM KINH ĐÔ CHÍNH HÃNG BAO GỒM:<br>***4 BÁNH/ 2 BÁNH CÒN NIÊM PHONG BAO BÌ.<br>***1 HỘP SANG TRỌNG.<br>***1 TÚI GIẤY CAO CẤP.<br>*** HÓA ĐƠN VATGTGT (nếu có).<br>---<br>\"Kết hợp khéo léo giữa những nguyên liệu từ lạ đến quen, mỗi chiếc bánh Trung Thu Kinh Đô nướng thơm bùi, bánh dẻo thanh ngọt mang lời nhắn khác nhau nhưng đều được vun vén gởi trao trong chiếc hộp trang trọng, ấm màu trăng đêm Rằm. Kích thước nhỏ hơn nhưng độ kỳ công không đổi, mỗi chiếc bánh Trung Thu Kinh Đô nướng 150g, bánh dẻo 180g là bản giao hưởng hòa điệu giữa các thành phần nguyên liệu. Cắt bánh, quây quần, cùng thưởng thức vị thu mơn man, tiết thu thanh mát.\"<br>-------<br>TỔNG ĐẠI LÝ BÁNH TRUNG THU KINH ĐÔ THỦ ĐỨC<br>☎️ Hotline Sỉ: 0934.9797.45 (Zalo)<br>---<br><br>⭐ PHÍ VẬN CHUYỂN tùy khu vực.<br>⭐ XUẤT HÓA ĐƠN vat cho Công ty.<br>⭐ Kinh Đô có loại HỘP 2 BÁNH &amp; 4 BÁNH: vui lòng chọn mã bánh theo bảng giá niêm yết của Kinh Đô 2021 và được chiết khấu/ giảm giá theo số lượng.<br>Hạn Sử Dụng Bánh Nướng: tháng 10/2021 - Sau Trung Thu 1 tuần.<br>Hạn Sử Dụng Bánh Dẻo: 45 ngày kể từ ngày sản xuất.<br><br>KINH ĐÔ HÂN HẠNH PHỤC VỤ QUÝ KHÁCH<br><br>#banhtrungthu #banhtrungthukinhdo #banhtrungthuchietkhaucao #banhkeo #trunghthu #banhtrungthugiare #quabieu #quatang #banhtrungthugiasi #banhtrungthukinhdo2021 #banhtrungthukinhdochinhhang</div></div></div>','product/avatar/section-recommend-products-wrappe-img-9.jpg',37,NULL,NULL,NULL,NULL,1,'ao-phong-cotton-bupbfpp-hinh-gau',1),(112,'Set nguyên liệu đầy đủ làm kẹo sữa hạt NOUGAT 750G - Tự làm kẹo sữa hạt',50000.00,45000.00,'Set nguyên liệu đầy đủ làm kẹo sữa hạt NOUGAT 750G - Tự làm kẹo sữa hạt','<div class=\"_3wdEZ5\" style=\"background: rgb(255, 255, 255); padding: 25px; font-family: system-ui, -apple-system, &quot;Segoe UI&quot;, Roboto, &quot;Helvetica Neue&quot;, Arial, &quot;Noto Sans&quot;, &quot;Liberation Sans&quot;, sans-serif, &quot;Apple Color Emoji&quot;, &quot;Segoe UI Emoji&quot;, &quot;Segoe UI Symbol&quot;, &quot;Noto Color Emoji&quot;;\"><div class=\"_2pGc2E\" style=\"background: rgba(0, 0, 0, 0.02); color: rgba(0, 0, 0, 0.87); font-size: 1.125rem; padding: 0.875rem; text-transform: capitalize;\">CHI TIẾT SẢN PHẨM</div><div class=\"_1afiLm\" style=\"margin: 1.875rem 0.9375rem 0.9375rem;\"><div class=\"aPKXeO\" style=\"display: flex;\"><label class=\"SFJkS3\" style=\"color: rgba(0, 0, 0, 0.4); font-size: 0.875rem; width: 6.25rem; margin-right: 2.5rem;\">Danh Mục</label><nav aria-label=\"breadcrumb\" style=\"--bs-breadcrumb-divider: &quot;>&quot;;\"><ol class=\"breadcrumb\" style=\"padding: 0px;\"><li class=\"breadcrumb-item\"><a href=\"file:///F:/TI/StudientCode/fullstacks.edu.vn/long/layouts/index.html\" style=\"color: rgb(13, 110, 253);\">Shopee</a></li><li class=\"breadcrumb-item active\" aria-current=\"page\">Thực phẩm và đồ uống</li><li class=\"breadcrumb-item active\" aria-current=\"page\">Các loại bánh</li><li class=\"breadcrumb-item active\" aria-current=\"page\">Khác</li></ol></nav></div><div class=\"aPKXeO\" style=\"display: flex;\"><label class=\"SFJkS3\" style=\"color: rgba(0, 0, 0, 0.4); font-size: 0.875rem; width: 6.25rem; margin-right: 2.5rem;\">Thương hiệu</label><a class=\"_3Qy6bH\" href=\"file:///F:/search?brands=1072175\" style=\"color: rgb(13, 110, 253);\">Kinh Đô</a></div><div class=\"aPKXeO\" style=\"display: flex;\"><label class=\"SFJkS3\" style=\"color: rgba(0, 0, 0, 0.4); font-size: 0.875rem; width: 6.25rem; margin-right: 2.5rem;\">Hạn sử dụng</label><div>01/10/2021</div></div><div class=\"aPKXeO\" style=\"display: flex;\"><label class=\"SFJkS3\" style=\"color: rgba(0, 0, 0, 0.4); font-size: 0.875rem; width: 6.25rem; margin-right: 2.5rem;\">Xuất xứ</label><div>Việt Nam</div></div><div class=\"aPKXeO\" style=\"display: flex;\"><label class=\"SFJkS3\" style=\"color: rgba(0, 0, 0, 0.4); font-size: 0.875rem; width: 6.25rem; margin-right: 2.5rem;\">Loại thực phẩm</label><div>Theo mùa</div></div><div class=\"aPKXeO\" style=\"display: flex;\"><label class=\"SFJkS3\" style=\"color: rgba(0, 0, 0, 0.4); font-size: 0.875rem; width: 6.25rem; margin-right: 2.5rem;\">Kho hàng</label><div>16835</div></div><div class=\"aPKXeO\" style=\"display: flex;\"><label class=\"SFJkS3\" style=\"color: rgba(0, 0, 0, 0.4); font-size: 0.875rem; width: 6.25rem; margin-right: 2.5rem;\">Gửi từ</label><div>Thành Phố Thủ Đức, TP. Hồ Chí Minh</div></div></div></div><div class=\"_3wdEZ5\" style=\"background: rgb(255, 255, 255); padding: 25px; font-family: system-ui, -apple-system, &quot;Segoe UI&quot;, Roboto, &quot;Helvetica Neue&quot;, Arial, &quot;Noto Sans&quot;, &quot;Liberation Sans&quot;, sans-serif, &quot;Apple Color Emoji&quot;, &quot;Segoe UI Emoji&quot;, &quot;Segoe UI Symbol&quot;, &quot;Noto Color Emoji&quot;;\"><div class=\"_2pGc2E\" style=\"background: rgba(0, 0, 0, 0.02); color: rgba(0, 0, 0, 0.87); font-size: 1.125rem; padding: 0.875rem; text-transform: capitalize;\">MÔ TẢ SẢN PHẨM</div><div class=\"_1afiLm\" style=\"margin: 1.875rem 0.9375rem 0.9375rem;\"><div class=\"_3yZnxJ\">Sản phẩm CHÍNH HÃNG của Công Ty Cổ Phần Mondelez Kinh Đô Việt Nam.<br>Hạn Sử Dụng Bánh Nướng: tháng 10/2021 - Sau Trung Thu 1 tuần.<br>Hạn Sử Dụng Bánh Dẻo: 45 ngày kể từ ngày sản xuất.<br>Xuất sứ Việt Nam.<br>---<br>SẢN PHẨM KINH ĐÔ CHÍNH HÃNG BAO GỒM:<br>***4 BÁNH/ 2 BÁNH CÒN NIÊM PHONG BAO BÌ.<br>***1 HỘP SANG TRỌNG.<br>***1 TÚI GIẤY CAO CẤP.<br>*** HÓA ĐƠN VATGTGT (nếu có).<br>---<br>\"Kết hợp khéo léo giữa những nguyên liệu từ lạ đến quen, mỗi chiếc bánh Trung Thu Kinh Đô nướng thơm bùi, bánh dẻo thanh ngọt mang lời nhắn khác nhau nhưng đều được vun vén gởi trao trong chiếc hộp trang trọng, ấm màu trăng đêm Rằm. Kích thước nhỏ hơn nhưng độ kỳ công không đổi, mỗi chiếc bánh Trung Thu Kinh Đô nướng 150g, bánh dẻo 180g là bản giao hưởng hòa điệu giữa các thành phần nguyên liệu. Cắt bánh, quây quần, cùng thưởng thức vị thu mơn man, tiết thu thanh mát.\"<br>-------<br>TỔNG ĐẠI LÝ BÁNH TRUNG THU KINH ĐÔ THỦ ĐỨC<br>☎️ Hotline Sỉ: 0934.9797.45 (Zalo)<br>---<br><br>⭐ PHÍ VẬN CHUYỂN tùy khu vực.<br>⭐ XUẤT HÓA ĐƠN vat cho Công ty.<br>⭐ Kinh Đô có loại HỘP 2 BÁNH &amp; 4 BÁNH: vui lòng chọn mã bánh theo bảng giá niêm yết của Kinh Đô 2021 và được chiết khấu/ giảm giá theo số lượng.<br>Hạn Sử Dụng Bánh Nướng: tháng 10/2021 - Sau Trung Thu 1 tuần.<br>Hạn Sử Dụng Bánh Dẻo: 45 ngày kể từ ngày sản xuất.<br><br>KINH ĐÔ HÂN HẠNH PHỤC VỤ QUÝ KHÁCH<br><br>#banhtrungthu #banhtrungthukinhdo #banhtrungthuchietkhaucao #banhkeo #trunghthu #banhtrungthugiare #quabieu #quatang #banhtrungthugiasi #banhtrungthukinhdo2021 #banhtrungthukinhdochinhhang</div></div></div>','product/avatar/section-recommend-products-wrappe-img-12.jpg',37,NULL,NULL,NULL,NULL,1,'set-nguyen-lieu-ay-u-lam-keo-sua-hat-nougat-750g-tu-lam-keo-sua-hat',1),(118,'Python Title 4',1000.00,NULL,'Python ShortDes4','Python DetailsDes4',NULL,37,'2021-12-09 23:31:32',NULL,NULL,NULL,1,NULL,0),(119,'Python Title 3',1000.00,NULL,'Python ShortDes3','Python DetailsDes3',NULL,37,'2021-12-09 23:31:32',NULL,NULL,NULL,1,NULL,0),(120,'Python Title 18',1000.00,NULL,'Python ShortDes18','Python DetailsDes18',NULL,37,'2021-12-09 23:31:32',NULL,NULL,NULL,1,NULL,0),(121,'Python Title 21',123.00,123.00,'Python Title 21','san pham moi','product/avatar/VR-gaming.jpg',37,NULL,NULL,NULL,NULL,1,'python-title-21',1),(122,'sản phẩm',12333.00,12312.00,'sản phẩm','sản phẩm','product/avatar/doman.png',37,'2021-12-10 18:34:54',NULL,NULL,NULL,1,'san-pham',1),(123,'Java Title 13',1000.00,123.00,'Java ShortDes13','Java DetailsDes13','product/avatar/young-pretty-caucasian-girl-wearing-santa-claus-sweater-headband-with-glasses-holding-clock-looking-up-showing-empty-hand-isolated-olive-green-background_141793-104526.jpg',38,NULL,NULL,NULL,NULL,1,'java-title-13',0),(124,'Java Title 1',1000.00,NULL,'Java ShortDes1','Java DetailsDes1',NULL,38,'2021-12-14 09:48:57',NULL,NULL,NULL,1,NULL,0),(125,'Java Title 19',1000.00,123.00,'Java ShortDes19','Java DetailsDes19','product/avatar/magnifying glassgirl.jpg',38,NULL,NULL,NULL,NULL,1,'java-title-19',0),(126,'Java Title 2',1000.00,NULL,'Java ShortDes2','Java DetailsDes2',NULL,38,'2021-12-14 09:48:57',NULL,NULL,NULL,1,NULL,0),(127,'Java Title 7',1000.00,NULL,'Java ShortDes7','Java DetailsDes7',NULL,38,'2021-12-14 09:48:57',NULL,NULL,NULL,1,NULL,0),(128,'Java Title 4',1000.00,NULL,'Java ShortDes4','Java DetailsDes4',NULL,38,'2021-12-14 09:48:57',NULL,NULL,NULL,1,NULL,0),(129,'Java Title 12',1000.00,NULL,'Java ShortDes12','Java DetailsDes12',NULL,38,'2021-12-14 09:48:57',NULL,NULL,NULL,1,NULL,0),(130,'Java Title 15',1000.00,NULL,'Java ShortDes15','Java DetailsDes15',NULL,38,'2021-12-14 09:48:57',NULL,NULL,NULL,1,NULL,0),(131,'Java Title 17',1000.00,NULL,'Java ShortDes17','Java DetailsDes17',NULL,38,'2021-12-14 09:48:57',NULL,NULL,NULL,1,NULL,0),(132,'Java Title 6',1000.00,NULL,'Java ShortDes6','Java DetailsDes6',NULL,38,'2021-12-14 09:48:57',NULL,NULL,NULL,1,NULL,0),(133,'Java Title 14',1000.00,NULL,'Java ShortDes14','Java DetailsDes14',NULL,38,'2021-12-14 09:48:57',NULL,NULL,NULL,1,NULL,0),(134,'Java Title 18',1000.00,NULL,'Java ShortDes18','Java DetailsDes18',NULL,38,'2021-12-14 09:48:57',NULL,NULL,NULL,1,NULL,0),(135,'Java Title 0',1000.00,NULL,'Java ShortDes0','Java DetailsDes0',NULL,38,'2021-12-14 09:48:57',NULL,NULL,NULL,1,NULL,0),(136,'Java Title 16',1000.00,NULL,'Java ShortDes16','Java DetailsDes16',NULL,38,'2021-12-14 09:48:57',NULL,NULL,NULL,1,NULL,0),(137,'Java Title 8',1000.00,NULL,'Java ShortDes8','Java DetailsDes8',NULL,38,'2021-12-14 09:48:57',NULL,NULL,NULL,1,NULL,0),(138,'Java Title 11',1000.00,1000.00,'Java ShortDes11','Java DetailsDes11',NULL,38,NULL,NULL,NULL,NULL,1,'java-title-11',1),(139,'Java Title 3',1000.00,NULL,'Java ShortDes3','Java DetailsDes3',NULL,38,'2021-12-14 09:48:57',NULL,NULL,NULL,1,NULL,0),(140,'Java Title 9',1000.00,NULL,'Java ShortDes9','Java DetailsDes9',NULL,38,'2021-12-14 09:48:57',NULL,NULL,NULL,1,NULL,0),(141,'Java Title 10',1000.00,NULL,'Java ShortDes10','Java DetailsDes10',NULL,38,'2021-12-14 09:48:57',NULL,NULL,NULL,1,NULL,0),(142,'Java Title 5',1000.00,NULL,'Java ShortDes5','Java DetailsDes5',NULL,38,'2021-12-14 09:48:57',NULL,NULL,NULL,1,NULL,0),(143,'.NET Title 4',1000.00,NULL,'.NET ShortDes4','.NET DetailsDes4',NULL,39,'2021-12-14 09:49:46',NULL,NULL,NULL,1,NULL,0),(144,'.NET Title 10',1000.00,NULL,'.NET ShortDes10','.NET DetailsDes10',NULL,39,'2021-12-14 09:49:46',NULL,NULL,NULL,1,NULL,0),(145,'.NET Title 2',1000.00,NULL,'.NET ShortDes2','.NET DetailsDes2',NULL,39,'2021-12-14 09:49:46',NULL,NULL,NULL,1,NULL,0),(146,'.NET Title 9',1000.00,NULL,'.NET ShortDes9','.NET DetailsDes9',NULL,39,'2021-12-14 09:49:46',NULL,NULL,NULL,1,NULL,0),(147,'.NET Title 11',1000.00,NULL,'.NET ShortDes11','.NET DetailsDes11',NULL,39,'2021-12-14 09:49:46',NULL,NULL,NULL,1,NULL,0),(148,'.NET Title 7',1000.00,NULL,'.NET ShortDes7','.NET DetailsDes7',NULL,39,'2021-12-14 09:49:46',NULL,NULL,NULL,1,NULL,0),(149,'.NET Title 6',1000.00,NULL,'.NET ShortDes6','.NET DetailsDes6',NULL,39,'2021-12-14 09:49:46',NULL,NULL,NULL,1,NULL,0),(150,'.NET Title 17',1000.00,NULL,'.NET ShortDes17','.NET DetailsDes17',NULL,39,'2021-12-14 09:49:46',NULL,NULL,NULL,1,NULL,0),(151,'.NET Title 1',1000.00,NULL,'.NET ShortDes1','.NET DetailsDes1',NULL,39,'2021-12-14 09:49:46',NULL,NULL,NULL,1,NULL,0),(152,'.NET Title 12',1000.00,NULL,'.NET ShortDes12','.NET DetailsDes12',NULL,39,'2021-12-14 09:49:46',NULL,NULL,NULL,1,NULL,0),(153,'.NET Title 8',1000.00,NULL,'.NET ShortDes8','.NET DetailsDes8',NULL,39,'2021-12-14 09:49:46',NULL,NULL,NULL,1,NULL,0),(154,'.NET Title 16',1000.00,NULL,'.NET ShortDes16','.NET DetailsDes16',NULL,39,'2021-12-14 09:49:46',NULL,NULL,NULL,1,NULL,0),(155,'.NET Title 15',1000.00,NULL,'.NET ShortDes15','.NET DetailsDes15',NULL,39,'2021-12-14 09:49:46',NULL,NULL,NULL,1,NULL,0),(156,'.NET Title 13',1000.00,NULL,'.NET ShortDes13','.NET DetailsDes13',NULL,39,'2021-12-14 09:49:46',NULL,NULL,NULL,1,NULL,0),(157,'.NET Title 5',1000.00,NULL,'.NET ShortDes5','.NET DetailsDes5',NULL,39,'2021-12-14 09:49:46',NULL,NULL,NULL,1,NULL,0),(158,'.NET Title 0',1000.00,NULL,'.NET ShortDes0','.NET DetailsDes0',NULL,39,'2021-12-14 09:49:46',NULL,NULL,NULL,1,NULL,0),(159,'.NET Title 3',1000.00,NULL,'.NET ShortDes3','.NET DetailsDes3',NULL,39,'2021-12-14 09:49:46',NULL,NULL,NULL,1,NULL,0),(160,'.NET Title 18',1000.00,NULL,'.NET ShortDes18','.NET DetailsDes18',NULL,39,'2021-12-14 09:49:46',NULL,NULL,NULL,1,NULL,0),(161,'.NET Title 19',1000.00,NULL,'.NET ShortDes19','.NET DetailsDes19',NULL,39,'2021-12-14 09:49:46',NULL,NULL,NULL,1,NULL,0),(162,'.NET Title 14',1000.00,NULL,'.NET ShortDes14','.NET DetailsDes14',NULL,39,'2021-12-14 09:49:46',NULL,NULL,NULL,1,NULL,0),(163,'Thực Phẩm Title 2',1000.00,NULL,'Thực Phẩm ShortDes2','Thực Phẩm DetailsDes2',NULL,41,'2021-12-21 09:56:54',NULL,NULL,NULL,1,NULL,0),(164,'Thực Phẩm Title 7',1000.00,NULL,'Thực Phẩm ShortDes7','Thực Phẩm DetailsDes7',NULL,41,'2021-12-21 09:56:54',NULL,NULL,NULL,1,NULL,0),(165,'Thực Phẩm Title 6',1000.00,NULL,'Thực Phẩm ShortDes6','Thực Phẩm DetailsDes6',NULL,41,'2021-12-21 09:56:54',NULL,NULL,NULL,1,NULL,0),(166,'Thực Phẩm Title 9',1000.00,NULL,'Thực Phẩm ShortDes9','Thực Phẩm DetailsDes9',NULL,41,'2021-12-21 09:56:54',NULL,NULL,NULL,1,NULL,0),(167,'Thực Phẩm Title 19',1000.00,NULL,'Thực Phẩm ShortDes19','Thực Phẩm DetailsDes19',NULL,41,'2021-12-21 09:56:54',NULL,NULL,NULL,1,NULL,0),(168,'Thực Phẩm Title 4',1000.00,NULL,'Thực Phẩm ShortDes4','Thực Phẩm DetailsDes4',NULL,41,'2021-12-21 09:56:54',NULL,NULL,NULL,1,NULL,0),(169,'Thực Phẩm Title 14',1000.00,NULL,'Thực Phẩm ShortDes14','Thực Phẩm DetailsDes14',NULL,41,'2021-12-21 09:56:54',NULL,NULL,NULL,1,NULL,0),(170,'Thực Phẩm Title 1',1000.00,NULL,'Thực Phẩm ShortDes1','Thực Phẩm DetailsDes1',NULL,41,'2021-12-21 09:56:54',NULL,NULL,NULL,1,NULL,0),(171,'Thực Phẩm Title 12',1000.00,NULL,'Thực Phẩm ShortDes12','Thực Phẩm DetailsDes12',NULL,41,'2021-12-21 09:56:54',NULL,NULL,NULL,1,NULL,0),(172,'Thực Phẩm Title 15',1000.00,NULL,'Thực Phẩm ShortDes15','Thực Phẩm DetailsDes15',NULL,41,'2021-12-21 09:56:54',NULL,NULL,NULL,1,NULL,0),(173,'Thực Phẩm Title 5',1000.00,NULL,'Thực Phẩm ShortDes5','Thực Phẩm DetailsDes5',NULL,41,'2021-12-21 09:56:54',NULL,NULL,NULL,1,NULL,0),(174,'Thực Phẩm Title 18',1000.00,NULL,'Thực Phẩm ShortDes18','Thực Phẩm DetailsDes18',NULL,41,'2021-12-21 09:56:54',NULL,NULL,NULL,1,NULL,0),(175,'Thực Phẩm Title 3',1000.00,NULL,'Thực Phẩm ShortDes3','Thực Phẩm DetailsDes3',NULL,41,'2021-12-21 09:56:54',NULL,NULL,NULL,1,NULL,0),(176,'Thực Phẩm Title 17',1000.00,NULL,'Thực Phẩm ShortDes17','Thực Phẩm DetailsDes17',NULL,41,'2021-12-21 09:56:54',NULL,NULL,NULL,1,NULL,0),(177,'Thực Phẩm Title 0',1000.00,NULL,'Thực Phẩm ShortDes0','Thực Phẩm DetailsDes0',NULL,41,'2021-12-21 09:56:54',NULL,NULL,NULL,1,NULL,0),(178,'Thực Phẩm Title 10',1000.00,NULL,'Thực Phẩm ShortDes10','Thực Phẩm DetailsDes10',NULL,41,'2021-12-21 09:56:54',NULL,NULL,NULL,1,NULL,0),(179,'Thực Phẩm Title 8',1000.00,NULL,'Thực Phẩm ShortDes8','Thực Phẩm DetailsDes8',NULL,41,'2021-12-21 09:56:54',NULL,NULL,NULL,1,NULL,0),(180,'Thực Phẩm Title 13',1000.00,NULL,'Thực Phẩm ShortDes13','Thực Phẩm DetailsDes13',NULL,41,'2021-12-21 09:56:54',NULL,NULL,NULL,1,NULL,0),(181,'Thực Phẩm Title 11',1000.00,NULL,'Thực Phẩm ShortDes11','Thực Phẩm DetailsDes11',NULL,41,'2021-12-21 09:56:54',NULL,NULL,NULL,1,NULL,0),(182,'Thực Phẩm Title 16',1000.00,NULL,'Thực Phẩm ShortDes16','Thực Phẩm DetailsDes16',NULL,41,'2021-12-21 09:56:54',NULL,NULL,NULL,1,NULL,0);
/*!40000 ALTER TABLE `tbl_products` ENABLE KEYS */;
UNLOCK TABLES;

--
-- Table structure for table `tbl_products_images`
--

DROP TABLE IF EXISTS `tbl_products_images`;
/*!40101 SET @saved_cs_client     = @@character_set_client */;
/*!50503 SET character_set_client = utf8mb4 */;
CREATE TABLE `tbl_products_images` (
  `id` int NOT NULL AUTO_INCREMENT,
  `title` varchar(500) CHARACTER SET utf8 COLLATE utf8_general_ci NOT NULL,
  `path` varchar(200) CHARACTER SET utf8mb4 COLLATE utf8mb4_bin NOT NULL,
  `product_id` int NOT NULL,
  `created_date` datetime DEFAULT NULL,
  `updated_date` datetime DEFAULT NULL,
  `created_by` int DEFAULT NULL,
  `updated_by` int DEFAULT NULL,
  `status` tinyint(1) DEFAULT '1',
  PRIMARY KEY (`id`),
  KEY `fk_product_images_idx` (`product_id`),
  CONSTRAINT `fk_product_images` FOREIGN KEY (`product_id`) REFERENCES `tbl_products` (`id`)
) ENGINE=InnoDB AUTO_INCREMENT=57 DEFAULT CHARSET=utf8mb4 COLLATE=utf8mb4_bin COMMENT='Bảng dữ liệu danh sách ảnh sản phẩm';
/*!40101 SET character_set_client = @saved_cs_client */;

--
-- Dumping data for table `tbl_products_images`
--

LOCK TABLES `tbl_products_images` WRITE;
/*!40000 ALTER TABLE `tbl_products_images` DISABLE KEYS */;
INSERT INTO `tbl_products_images` VALUES (51,'khoatk.png','product/pictures/khoatk.png',121,NULL,NULL,NULL,NULL,1),(52,'cccdminh.jpg','product/pictures/cccdminh.jpg',121,NULL,NULL,NULL,NULL,1),(53,'cccdminh2.jpg','product/pictures/cccdminh2.jpg',121,NULL,NULL,NULL,NULL,1),(54,'marketing_icon-removebg-preview.png','product/pictures/marketing_icon-removebg-preview.png',122,NULL,NULL,NULL,NULL,1),(55,'products_and_services_icon-removebg-preview.png','product/pictures/products_and_services_icon-removebg-preview.png',122,NULL,NULL,NULL,NULL,1),(56,'individual_icon-removebg-preview.png','product/pictures/individual_icon-removebg-preview.png',122,NULL,NULL,NULL,NULL,1);
/*!40000 ALTER TABLE `tbl_products_images` ENABLE KEYS */;
UNLOCK TABLES;

--
-- Table structure for table `tbl_roles`
--

DROP TABLE IF EXISTS `tbl_roles`;
/*!40101 SET @saved_cs_client     = @@character_set_client */;
/*!50503 SET character_set_client = utf8mb4 */;
CREATE TABLE `tbl_roles` (
  `id` int NOT NULL AUTO_INCREMENT,
  `name` varchar(45) CHARACTER SET utf8mb4 COLLATE utf8mb4_bin NOT NULL,
  `description` varchar(45) CHARACTER SET utf8mb4 COLLATE utf8mb4_bin NOT NULL,
  `created_date` datetime DEFAULT NULL,
  `updated_date` datetime DEFAULT NULL,
  `created_by` int DEFAULT NULL,
  `updated_by` int DEFAULT NULL,
  `status` tinyint(1) DEFAULT '1',
  PRIMARY KEY (`id`)
) ENGINE=InnoDB AUTO_INCREMENT=15 DEFAULT CHARSET=utf8mb4 COLLATE=utf8mb4_bin COMMENT='Bảng dữ liệu chứa thông tin roles';
/*!40101 SET character_set_client = @saved_cs_client */;

--
-- Dumping data for table `tbl_roles`
--

LOCK TABLES `tbl_roles` WRITE;
/*!40000 ALTER TABLE `tbl_roles` DISABLE KEYS */;
INSERT INTO `tbl_roles` VALUES (13,'ADMIN','ADMIN',NULL,NULL,NULL,NULL,1),(14,'GUEST','GUEST',NULL,NULL,NULL,NULL,1);
/*!40000 ALTER TABLE `tbl_roles` ENABLE KEYS */;
UNLOCK TABLES;

--
-- Table structure for table `tbl_saleorder`
--

DROP TABLE IF EXISTS `tbl_saleorder`;
/*!40101 SET @saved_cs_client     = @@character_set_client */;
/*!50503 SET character_set_client = utf8mb4 */;
CREATE TABLE `tbl_saleorder` (
  `id` int NOT NULL AUTO_INCREMENT,
  `code` varchar(45) CHARACTER SET utf8 COLLATE utf8_general_ci NOT NULL,
  `user_id` int DEFAULT NULL,
  `total` decimal(13,2) DEFAULT NULL,
  `created_date` datetime DEFAULT NULL,
  `updated_date` datetime DEFAULT NULL,
  `created_by` int DEFAULT NULL,
  `updated_by` int DEFAULT NULL,
  `status` tinyint(1) DEFAULT '1',
  `customer_name` varchar(100) CHARACTER SET utf8 COLLATE utf8_general_ci DEFAULT NULL,
  `customer_address` varchar(100) CHARACTER SET utf8 COLLATE utf8_general_ci DEFAULT NULL,
  `seo` varchar(200) CHARACTER SET utf8mb4 COLLATE utf8mb4_bin DEFAULT NULL,
  `customer_phone` varchar(100) CHARACTER SET utf8 COLLATE utf8_general_ci DEFAULT NULL,
  `cutomer_email` varchar(100) CHARACTER SET utf8 COLLATE utf8_general_ci DEFAULT NULL,
  PRIMARY KEY (`id`)
) ENGINE=InnoDB AUTO_INCREMENT=42 DEFAULT CHARSET=utf8mb4 COLLATE=utf8mb4_bin COMMENT='Bảng dữ liệu chứa phiếu mua hàng';
/*!40101 SET character_set_client = @saved_cs_client */;

--
-- Dumping data for table `tbl_saleorder`
--

LOCK TABLES `tbl_saleorder` WRITE;
/*!40000 ALTER TABLE `tbl_saleorder` DISABLE KEYS */;
INSERT INTO `tbl_saleorder` VALUES (39,'1641886920077',15,NULL,'2022-01-11 14:42:00',NULL,NULL,NULL,0,'hoanglong34','Bac Tu Liem - Ha Noi',NULL,'0356716116','hoanglongcf34no1@gmail.com'),(41,'1641905721627',16,NULL,'2022-01-11 19:55:22',NULL,NULL,NULL,1,'phamlong34','Bac Tu Liem - Ha Noi',NULL,'0356716116','phamlong949@gmail.com');
/*!40000 ALTER TABLE `tbl_saleorder` ENABLE KEYS */;
UNLOCK TABLES;

--
-- Table structure for table `tbl_saleorder_products`
--

DROP TABLE IF EXISTS `tbl_saleorder_products`;
/*!40101 SET @saved_cs_client     = @@character_set_client */;
/*!50503 SET character_set_client = utf8mb4 */;
CREATE TABLE `tbl_saleorder_products` (
  `id` int NOT NULL AUTO_INCREMENT,
  `saleorder_id` int NOT NULL,
  `product_id` int NOT NULL,
  `quality` int NOT NULL,
  `created_date` datetime DEFAULT NULL,
  `updated_date` datetime DEFAULT NULL,
  `created_by` int DEFAULT NULL,
  `updated_by` int DEFAULT NULL,
  `status` tinyint(1) DEFAULT '1',
  `user_id` int DEFAULT NULL,
  PRIMARY KEY (`id`),
  KEY `fk_saleorder_product_idx` (`saleorder_id`),
  KEY `fk_product_saleorder_idx` (`product_id`),
  CONSTRAINT `fk_product_saleorder` FOREIGN KEY (`product_id`) REFERENCES `tbl_products` (`id`) ON DELETE CASCADE ON UPDATE CASCADE,
  CONSTRAINT `fk_saleorder_product` FOREIGN KEY (`saleorder_id`) REFERENCES `tbl_saleorder` (`id`)
) ENGINE=InnoDB AUTO_INCREMENT=55 DEFAULT CHARSET=utf8mb4 COLLATE=utf8mb4_bin COMMENT='Bảng dữ liệu chứa phiếu mua hàng';
/*!40101 SET character_set_client = @saved_cs_client */;

--
-- Dumping data for table `tbl_saleorder_products`
--

LOCK TABLES `tbl_saleorder_products` WRITE;
/*!40000 ALTER TABLE `tbl_saleorder_products` DISABLE KEYS */;
INSERT INTO `tbl_saleorder_products` VALUES (52,39,101,3,NULL,NULL,NULL,NULL,0,NULL),(54,41,101,1,NULL,NULL,NULL,NULL,1,NULL);
/*!40000 ALTER TABLE `tbl_saleorder_products` ENABLE KEYS */;
UNLOCK TABLES;

--
-- Table structure for table `tbl_subscribe`
--

DROP TABLE IF EXISTS `tbl_subscribe`;
/*!40101 SET @saved_cs_client     = @@character_set_client */;
/*!50503 SET character_set_client = utf8mb4 */;
CREATE TABLE `tbl_subscribe` (
  `id` int NOT NULL AUTO_INCREMENT,
  `email` varchar(45) COLLATE utf8mb4_bin NOT NULL,
  `created_date` datetime DEFAULT NULL,
  `updated_date` datetime DEFAULT NULL,
  `created_by` int DEFAULT NULL,
  `updated_by` int DEFAULT NULL,
  `status` tinyint(1) DEFAULT NULL,
  PRIMARY KEY (`id`)
) ENGINE=InnoDB AUTO_INCREMENT=14 DEFAULT CHARSET=utf8mb4 COLLATE=utf8mb4_bin COMMENT='bảng chứa người dùng đăng kí';
/*!40101 SET character_set_client = @saved_cs_client */;

--
-- Dumping data for table `tbl_subscribe`
--

LOCK TABLES `tbl_subscribe` WRITE;
/*!40000 ALTER TABLE `tbl_subscribe` DISABLE KEYS */;
INSERT INTO `tbl_subscribe` VALUES (1,'edmloveanime34@gmail.com','2021-12-23 11:05:27',NULL,NULL,NULL,1),(2,'longvu66771508@gmail.com','2021-12-23 11:09:26',NULL,NULL,NULL,1),(3,'vudung1482001@gmail.com','2021-12-23 11:10:20',NULL,NULL,NULL,1),(4,'vdl@gmail.com','2021-12-23 11:12:19',NULL,NULL,NULL,1),(5,'vdl@gmail.com','2021-12-23 11:15:11',NULL,NULL,NULL,1),(6,'nguyenvanhoang12i06@gmail.com','2021-12-23 16:42:49',NULL,NULL,NULL,1),(7,'nguyenthiquyenkmhd1975@gmail.com','2021-12-25 08:13:04',NULL,NULL,NULL,1),(8,'edmloveanime34@gmail.com','2022-01-06 15:15:38',NULL,NULL,NULL,1),(9,'edmloveanime34@gmail.com','2022-01-06 15:15:48',NULL,NULL,NULL,1),(10,'helloword@gmail.com','2022-01-06 15:33:01',NULL,NULL,NULL,1),(11,'longliaprono11231231@gmail.com','2022-01-06 15:51:23',NULL,NULL,NULL,1),(12,'hihi@gmail.com','2022-01-06 15:52:57',NULL,NULL,NULL,1),(13,'nguoitrongmuonnghe@gmail.com','2022-01-06 17:30:31',NULL,NULL,NULL,1);
/*!40000 ALTER TABLE `tbl_subscribe` ENABLE KEYS */;
UNLOCK TABLES;

--
-- Table structure for table `tbl_users`
--

DROP TABLE IF EXISTS `tbl_users`;
/*!40101 SET @saved_cs_client     = @@character_set_client */;
/*!50503 SET character_set_client = utf8mb4 */;
CREATE TABLE `tbl_users` (
  `id` int NOT NULL AUTO_INCREMENT,
  `username` varchar(45) CHARACTER SET utf8mb4 COLLATE utf8mb4_bin NOT NULL,
  `password` varchar(100) CHARACTER SET utf8mb4 COLLATE utf8mb4_bin NOT NULL,
  `email` varchar(45) CHARACTER SET utf8mb4 COLLATE utf8mb4_bin NOT NULL,
  `created_date` datetime DEFAULT NULL,
  `updated_date` datetime DEFAULT NULL,
  `created_by` int DEFAULT NULL,
  `updated_by` int DEFAULT NULL,
  `status` tinyint(1) DEFAULT '1',
  PRIMARY KEY (`id`)
) ENGINE=InnoDB AUTO_INCREMENT=37 DEFAULT CHARSET=utf8mb4 COLLATE=utf8mb4_bin COMMENT='Bảng dữ liệu chứa thông tin người dùng';
/*!40101 SET character_set_client = @saved_cs_client */;

--
-- Dumping data for table `tbl_users`
--

LOCK TABLES `tbl_users` WRITE;
/*!40000 ALTER TABLE `tbl_users` DISABLE KEYS */;
INSERT INTO `tbl_users` VALUES (15,'hoanglong34','$2a$04$0wKfWM9KBOdKr2Ke2jj9PucclmmChR4iB7xZvVkZwLYOsX5chnPaq','hoanglongcf34no1@gmail.com',NULL,NULL,NULL,NULL,1),(16,'phamlong34','$2a$04$RoFBIO8fTq1wep9iK0zk9ONiRrPm1A/qNzBw3/Tz36PPHoEwOYtEm','phamlong949@gmail.com',NULL,NULL,NULL,NULL,1),(25,'edmloveanime34','$2a$04$NYilFhCi1bRpj7E5sQbope3hdUFrvUzbPJGxH6C3C0upRAQL0S0Iq','edmloveanime34@gmail.com','2021-12-28 17:56:49',NULL,NULL,NULL,1),(27,'vdl','$2a$04$Ljpa68cdxiF94H3mOsVn6u7.17IFMGageV/2g0V5YxPg9R5wdYITi','vdl@gmail.com','2021-12-28 18:09:00',NULL,NULL,NULL,1),(28,'nguyenvanhoang12i06','$2a$04$iveDxi6POkUQdZ8dOARmi.KEFX/37BglA/b4dLdVMJi3Ip7b7cFAK','nguyenvanhoang12i06@gmail.com','2021-12-28 19:05:02',NULL,NULL,NULL,1),(29,'nguyenvanhoang12i06','$2a$04$svi8Be1Kp/KoqooAOry3OOEZZ/xmkY4L4dshVqEHxicHNehT4y64u','nguyenvanhoang12i06@gmail.com','2021-12-28 19:06:47',NULL,NULL,NULL,1),(30,'nguyenthiquyenkmhd1975','$2a$04$wG294PCZzZhYxVvZ2keFNOfg1mL2Ugt6aJ3TYHwctlBENpzo1V1US','nguyenthiquyenkmhd1975@gmail.com','2021-12-29 11:36:49',NULL,NULL,NULL,1),(31,'nguyenvanhoang12i07','$2a$04$u9Me/Xx58OQD53lJYXE4HeX5mkmH.52Zus5eXOGS.ccvCSTpTxAG6','nguyenvanhoang12i07@gmail.com','2022-01-02 16:10:55',NULL,NULL,NULL,1),(32,'nguyenvanhoang12i07','$2a$04$tKxgN.AuZQqDt0Qpejt5r.pRCe7CupNvC2YHfI0i3TL1qpYKSN5NG','nguyenvanhoang12i07@gmail.com','2022-01-02 16:11:35',NULL,NULL,NULL,1),(33,'phamlonga','$2a$04$tp9uPHvUr0oglLedL2OpCubudI1HsnUCGXXiDY1r6yGF.K5e7Kmpq','phamlonga@gmail.com','2022-01-03 15:52:56',NULL,NULL,NULL,1),(34,'vudung111','$2a$04$Yw8jg.Vb2XwfxvYk3EQyye3rONVG5QVu4K6EUtZN6Ez8xFf530dnm','vudung111@gmail.com','2022-01-03 16:26:51',NULL,NULL,NULL,1),(35,'rdhugter','$2a$04$sEvyPU6gHG2lEjsxI2Wfsu0/td5gkG8n2fQsdbMj/OFhij9GB/rUm','longlia123123123@gmail.com','2022-01-11 19:40:33',NULL,NULL,NULL,1),(36,'longp123','$2a$04$MoNMIN.5CIot0pMT2Hm0yuku7Pj5uum8P84QlrgJIPVaoeATQVeHW','hoanglongc12121@gmail.com','2022-01-11 19:56:36',NULL,NULL,NULL,1);
/*!40000 ALTER TABLE `tbl_users` ENABLE KEYS */;
UNLOCK TABLES;

--
-- Table structure for table `tbl_users_roles`
--

DROP TABLE IF EXISTS `tbl_users_roles`;
/*!40101 SET @saved_cs_client     = @@character_set_client */;
/*!50503 SET character_set_client = utf8mb4 */;
CREATE TABLE `tbl_users_roles` (
  `user_id` int NOT NULL,
  `role_id` int NOT NULL,
  PRIMARY KEY (`user_id`,`role_id`),
  KEY `fk_roles_idx` (`role_id`),
  CONSTRAINT `fk_roles` FOREIGN KEY (`role_id`) REFERENCES `tbl_roles` (`id`),
  CONSTRAINT `fk_users` FOREIGN KEY (`user_id`) REFERENCES `tbl_users` (`id`)
) ENGINE=InnoDB DEFAULT CHARSET=utf8mb4 COLLATE=utf8mb4_bin COMMENT='bảng trung gian thể hiện quan hệ n-n của users và roles';
/*!40101 SET character_set_client = @saved_cs_client */;

--
-- Dumping data for table `tbl_users_roles`
--

LOCK TABLES `tbl_users_roles` WRITE;
/*!40000 ALTER TABLE `tbl_users_roles` DISABLE KEYS */;
INSERT INTO `tbl_users_roles` VALUES (15,13),(25,13),(16,14),(27,14),(34,14),(35,14),(36,14);
/*!40000 ALTER TABLE `tbl_users_roles` ENABLE KEYS */;
UNLOCK TABLES;
/*!40103 SET TIME_ZONE=@OLD_TIME_ZONE */;

/*!40101 SET SQL_MODE=@OLD_SQL_MODE */;
/*!40014 SET FOREIGN_KEY_CHECKS=@OLD_FOREIGN_KEY_CHECKS */;
/*!40014 SET UNIQUE_CHECKS=@OLD_UNIQUE_CHECKS */;
/*!40101 SET CHARACTER_SET_CLIENT=@OLD_CHARACTER_SET_CLIENT */;
/*!40101 SET CHARACTER_SET_RESULTS=@OLD_CHARACTER_SET_RESULTS */;
/*!40101 SET COLLATION_CONNECTION=@OLD_COLLATION_CONNECTION */;
/*!40111 SET SQL_NOTES=@OLD_SQL_NOTES */;

-- Dump completed on 2022-03-16 20:55:30
